Lat,Lon,R.avg,G.avg,B.avg,avgHexColor
1.159383303,103.7366668,177.8,185.555555555556,188.777777777778,#B1B9BC
1.163424757,103.7436668,179.139534883721,185.790697674419,188.139534883721,#B3B9BC
1.167466211,103.7366668,218.25,223.5,215.25,#DADFD7
1.171507664,103.7296668,236,236,226,#ECECE2
1.179590572,103.7296668,6,7,9,#060709
1.187673479,103.7296668,6,7,9,#060709
1.191714933,103.7366668,82.6666666666667,79.6666666666667,72.6666666666667,#524F48
1.191714933,103.7646668,100.686274509804,106.862745098039,112.058823529412,#646A70
1.191714933,103.7786668,177,198,227,#B1C6E3
1.195756387,103.7576668,154.038626609442,151.351931330472,145.841201716738,#9A9791
1.199797841,103.7086668,151,181.25,204.875,#97B5CC
1.199797841,103.7646668,156.260683760684,153.542735042735,148.34188034188,#9C9994
1.199797841,103.7926668,255,255,255,#FFFFFF
1.203839294,103.7296668,255,255,255,#FFFFFF
1.203839294,103.7576668,154.038626609442,151.351931330472,145.841201716738,#9A9791
1.203839294,103.7716668,132.771428571429,141.071428571429,143.185714285714,#848D8F
1.203839294,103.7996668,192.333333333333,201.666666666667,206.666666666667,#C0C9CE
1.207880748,103.6386667,205.333333333333,213.333333333333,219.333333333333,#CDD5DB
1.207880748,103.7226668,254,254,236,#FEFEEC
1.207880748,103.7646668,134.654761904762,142.119047619048,145.285714285714,#868E91
1.207880748,103.7786668,135.028985507246,143.797101449275,147.492753623188,#878F93
1.211922202,103.6316667,181,203,217,#B5CBD9
1.211922202,103.6456667,217.5,218.5,220.5,#D9DADC
1.211922202,103.7296668,232,232.5,227.333333333333,#E8E8E3
1.211922202,103.7576668,118.987394957983,127.579831932773,127.033613445378,#767F7F
1.211922202,103.7716668,138.028169014085,145.845070422535,149.183098591549,#8A9195
1.211922202,103.7856668,98.6470588235294,119,92.4705882352941,#62775C
1.215963656,103.6386667,197.5,207.5,215,#C5CFD7
1.215963656,103.7226668,227.4,228,221.8,#E3E4DD
1.215963656,103.8346668,141.864754098361,144.536885245902,145.512295081967,#8D9091
1.215963656,103.8486668,152.11320754717,156.693396226415,159.202830188679,#989C9F
1.22000511,103.6036667,224,237,245,#E0EDF5
1.22000511,103.6736667,199.25,205.75,217.5,#C7CDD9
1.22000511,103.7576668,147.310126582279,155.196202531646,156.044303797468,#939B9C
1.22000511,103.8416668,138.369158878505,148.621495327103,155.420560747664,#8A949B
1.22000511,103.8556668,172.961206896552,182.159482758621,183.556034482759,#ACB6B7
1.224046563,103.6666667,208.2,215.6,224.8,#D0D7E0
1.224046563,103.6806667,186,188,190,#BABCBE
1.224046563,103.7506668,105.931818181818,111.602272727273,96.7386363636364,#696F60
1.224046563,103.7646668,205.090909090909,208,209.090909090909,#CDD0D1
1.224046563,103.7786668,148.444444444444,164.444444444444,179.444444444444,#94A4B3
1.224046563,103.8486668,143.789473684211,154.263157894737,160.765550239234,#8F9AA0
1.224046563,103.8626668,177.831683168317,189.648514851485,186.707920792079,#B1BDBA
1.228088017,103.6036667,224,237,245,#E0EDF5
1.228088017,103.6176667,144,160,186,#90A0BA
1.228088017,103.6736667,177,185.666666666667,194,#B1B9C2
1.228088017,103.7436668,104.022727272727,109.954545454545,95.4204545454546,#686D5F
1.228088017,103.7576668,109.333333333333,113,111,#6D716F
1.228088017,103.7716668,161.095238095238,172.238095238095,183.428571428571,#A1ACB7
1.228088017,103.8416668,140.409523809524,149.680952380952,156.909523809524,#8C959C
1.228088017,103.8556668,159.311111111111,161.768888888889,160.248888888889,#9FA1A0
1.232129471,103.6106667,144,160,186,#90A0BA
1.232129471,103.6246667,144,160,186,#90A0BA
1.232129471,103.6666667,152,168,193,#98A8C1
1.232129471,103.6806667,124,130,128,#7C8280
1.232129471,103.7366668,166.5,183.75,199.5,#A6B7C7
1.232129471,103.7646668,131,152.666666666667,160.5,#8398A0
1.232129471,103.7786668,112.272727272727,121.272727272727,129.636363636364,#707981
1.232129471,103.8346668,181.0625,181.65,180.775,#B5B5B4
1.232129471,103.8486668,147.337899543379,149.287671232877,147.762557077626,#939593
1.232129471,103.8626668,112.771428571429,137.028571428571,121.457142857143,#708979
1.236170925,103.6176667,144,160,186,#90A0BA
1.236170925,103.6456667,206.157894736842,213.789473684211,223.473684210526,#CED5DF
1.236170925,103.6736667,124,130,128,#7C8280
1.236170925,103.6876668,166,165,161,#A6A5A1
1.236170925,103.7436668,148,169,188,#94A9BC
1.236170925,103.7716668,105.333333333333,116.111111111111,119.444444444444,#697477
1.236170925,103.8276668,166.9625,167.908333333333,166.6625,#A6A7A6
1.236170925,103.8416668,160.446700507614,161.441624365482,164.304568527919,#A0A1A4
1.236170925,103.8556668,135.965034965035,134.034965034965,127.328671328671,#87867F
1.240212378,103.6526667,196,208.8,224.5,#C4D0E0
1.240212378,103.6806667,166,165,161,#A6A5A1
1.240212378,103.7646668,132.833333333333,150.666666666667,151.5,#849697
1.240212378,103.8346668,166.572033898305,166.347457627119,165.78813559322,#A6A6A5
1.240212378,103.8486668,140.12213740458,144.007633587786,146.75572519084,#8C9092
1.244253832,103.6736667,74,109,129,#4A6D81
1.244253832,103.6876668,166,165,161,#A6A5A1
1.244253832,103.8276668,154.334841628959,156.180995475113,154.642533936652,#9A9C9A
1.244253832,103.8416668,154.264705882353,157.93137254902,159.774509803922,#9A9D9F
1.244253832,103.8556668,130.166666666667,144.291666666667,153.666666666667,#829099
1.248295286,103.6106667,144.555555555556,146.555555555556,151.888888888889,#909297
1.248295286,103.6666667,74,109,129,#4A6D81
1.248295286,103.6806667,74,109,129,#4A6D81
1.248295286,103.8206668,164.417989417989,166.693121693122,168.544973544974,#A4A6A8
1.248295286,103.8346668,89.6826923076923,90.2307692307692,90.1346153846154,#595A5A
1.248295286,103.8486668,142.87,142.42,143.075,#8E8E8F
1.25233674,103.6036667,149.555555555556,155.777777777778,165.444444444444,#959BA5
1.25233674,103.6176667,25,23,36,#191724
1.25233674,103.6736667,74,109,129,#4A6D81
1.25233674,103.7016668,128.5,106.75,107,#806A6B
1.25233674,103.7856668,145.5,143,146.5,#918F92
1.25233674,103.8136668,150.005102040816,154.65306122449,158.260204081633,#969A9E
1.25233674,103.8276668,101.225641025641,100.707692307692,100.994871794872,#656464
1.25233674,103.8416668,139.709183673469,141.127551020408,141.913265306122,#8B8D8D
1.256378193,103.6106667,120,128.666666666667,141.066666666667,#78808D
1.256378193,103.6946668,128.5,106.75,107,#806A6B
1.256378193,103.7086668,167.125,157.25,149.875,#A79D95
1.256378193,103.7786668,98.5,101.5,107.5,#62656B
1.256378193,103.8066668,132.779816513761,141.417431192661,159.238532110092,#848D9F
1.256378193,103.8206668,135.225806451613,139.037634408602,142.887096774194,#878B8E
1.256378193,103.8346668,99.1485148514852,98.7623762376238,98.2425742574257,#636262
1.256378193,103.8486668,159.428571428571,167.142857142857,173.738095238095,#9FA7AD
1.260419647,103.6036667,58,84,117.333333333333,#3A5475
1.260419647,103.6176667,126.714285714286,139.428571428571,153.714285714286,#7E8B99
1.260419647,103.6316667,220.2,230.4,227.333333333333,#DCE6E3
1.260419647,103.7016668,124,117.454545454545,111.181818181818,#7C756F
1.260419647,103.7156668,205.75,207.75,192.75,#CDCFC0
1.260419647,103.7856668,179.25,183.25,185.833333333333,#B3B7B9
1.260419647,103.8136668,128.625,138.245192307692,145.668269230769,#808A91
1.260419647,103.8276668,171.00518134715,171.253886010363,171.569948186529,#ABABAB
1.260419647,103.8416668,156.53164556962,157.417721518987,155.139240506329,#9C9D9B
1.260419647,103.8556668,143.719696969697,152.522727272727,153.037878787879,#8F9899
1.264461101,103.6106667,85.8,101,118.2,#556576
1.264461101,103.6246667,187.1875,196.6875,197.5625,#BBC4C5
1.264461101,103.6946668,68,70.75,62.5,#44463E
1.264461101,103.7086668,167.4,168.4,155.4,#A7A89B
1.264461101,103.7786668,2,2,2,#020202
1.264461101,103.7926668,168.022988505747,169.758620689655,171.540229885057,#A8A9AB
1.264461101,103.8066668,127.158878504673,126.5,123.289719626168,#7F7E7B
1.264461101,103.8206668,108.468599033816,115.115942028986,119.830917874396,#6C7377
1.264461101,103.8346668,148.771144278607,150.761194029851,151.189054726368,#949697
1.264461101,103.8486668,139.184210526316,144.144736842105,146.394736842105,#8B9092
1.264461101,103.8626668,152.363228699552,155.27802690583,158.125560538117,#989B9E
1.268502555,103.6036667,246,235,243,#F6EBF3
1.268502555,103.6176667,137.458333333333,145.083333333333,152.5,#899198
1.268502555,103.6316667,192.827586206897,201.241379310345,205.413793103448,#C0C9CD
1.268502555,103.7016668,57.2,58.8,51.2,#393A33
1.268502555,103.7156668,248.5,239,241,#F8EFF1
1.268502555,103.7716668,136.111111111111,140.555555555556,135.555555555556,#888C87
1.268502555,103.7856668,116.545454545455,116.454545454545,114,#747472
1.268502555,103.7996668,126.677419354839,127.230414746544,123.741935483871,#7E7F7B
1.268502555,103.8136668,143.325688073395,147.348623853211,150.399082568807,#8F9396
1.268502555,103.8276668,134.154228855721,135.383084577114,138.840796019901,#86878A
1.268502555,103.8416668,125.066985645933,126.497607655502,126.124401913876,#7D7E7E
1.268502555,103.8556668,136.039647577093,140.594713656388,143.47577092511,#888C8F
1.272544009,103.6106667,254,255,255,#FEFFFF
1.272544009,103.6246667,192.482352941176,197.141176470588,198.447058823529,#C0C5C6
1.272544009,103.6386667,233.5,239,232.5,#E9EFE8
1.272544009,103.6946668,68,70.75,62.5,#44463E
1.272544009,103.7086668,170.333333333333,163,162.666666666667,#AAA3A2
1.272544009,103.7226668,178.75,162.75,142.75,#B2A28E
1.272544009,103.7366668,86.5,88,88.5,#565858
1.272544009,103.7646668,142.333333333333,144.555555555556,138.777777777778,#8E908A
1.272544009,103.7926668,153.08658008658,157.640692640693,151.627705627706,#999D97
1.272544009,103.8066668,132.009132420091,131.538812785388,131.721461187215,#848383
1.272544009,103.8206668,137.815165876777,139.739336492891,143.094786729858,#898B8F
1.272544009,103.8346668,141.814285714286,143.42380952381,144.133333333333,#8D8F90
1.272544009,103.8486668,143.464285714286,142.191964285714,140.433035714286,#8F8E8C
1.272544009,103.8626668,148.068292682927,151.49756097561,153.209756097561,#949799
1.276585462,103.6176667,163.913043478261,166.695652173913,172.913043478261,#A3A6AC
1.276585462,103.6316667,221.391304347826,222.934782608696,222.108695652174,#DDDEDE
1.276585462,103.6456667,233.5,239,232.5,#E9EFE8
1.276585462,103.7156668,188.25,181.5,171.25,#BCB5AB
1.276585462,103.7296668,132.142857142857,123.571428571429,112.571428571429,#847B70
1.276585462,103.7576668,248,238.5,229,#F8EEE5
1.276585462,103.7716668,108.866666666667,115.266666666667,110.666666666667,#6C736E
1.276585462,103.7856668,138.931216931217,136.661375661376,136.402116402116,#8A8888
1.276585462,103.7996668,145.717391304348,148.308695652174,149.639130434783,#919495
1.276585462,103.8136668,141.798994974874,143.693467336683,146.844221105528,#8D8F92
1.276585462,103.8276668,169.448598130841,168.448598130841,165.042056074766,#A9A8A5
1.276585462,103.8416668,146.627777777778,145.766666666667,147.555555555556,#929193
1.276585462,103.8556668,121.664948453608,126.237113402062,129.422680412371,#797E81
1.276585462,103.8696668,123.855855855856,130.256756756757,135.432432432432,#7B8287
1.280626916,103.6246667,194.490196078431,196.078431372549,197.411764705882,#C2C4C5
1.280626916,103.6386667,233.5,239,232.5,#E9EFE8
1.280626916,103.6526667,175,179,186,#AFB3BA
1.280626916,103.7086668,128,124,101.5,#807C65
1.280626916,103.7226668,167.666666666667,155.833333333333,135,#A79B87
1.280626916,103.7366668,70,71.3333333333333,72.3333333333333,#464748
1.280626916,103.7506668,222,212.5,204,#DED4CC
1.280626916,103.7646668,68.3333333333333,74.8888888888889,73,#444A49
1.280626916,103.7786668,152.383620689655,155.090517241379,154.840517241379,#989B9A
1.280626916,103.7926668,141.740909090909,146.095454545455,144.990909090909,#8D9290
1.280626916,103.8066668,136.89519650655,134.008733624454,132.174672489083,#888684
1.280626916,103.8206668,158.514705882353,160.612745098039,163.509803921569,#9EA0A3
1.280626916,103.8346668,162.046218487395,158.798319327731,156.457983193277,#A29E9C
1.280626916,103.8486668,163.861538461538,164.123076923077,164.528205128205,#A3A4A4
1.280626916,103.8626668,112.546511627907,117.575581395349,116.453488372093,#707574
1.280626916,103.8766668,141.340909090909,151.059090909091,157.95,#8D979D
1.28466837,103.6176667,75.75,75.75,72.5,#4B4B48
1.28466837,103.6316667,219.037037037037,219.074074074074,216.444444444444,#DBDBD8
1.28466837,103.6456667,100.5,102.5,104,#646668
1.28466837,103.6736667,32,51.5,52,#203334
1.28466837,103.7156668,164,154.666666666667,130.666666666667,#A49A82
1.28466837,103.7296668,91.3333333333333,69.3333333333333,50.3333333333333,#5B4532
1.28466837,103.7576668,158.75,164.25,165.75,#9EA4A5
1.28466837,103.7716668,173.027149321267,172.316742081448,165.615384615385,#ADACA5
1.28466837,103.7856668,133.68932038835,135.898058252427,134.752427184466,#858786
1.28466837,103.7996668,132.021551724138,131.047413793103,129.512931034483,#848381
1.28466837,103.8136668,157.109004739337,157.824644549763,157.018957345972,#9D9D9D
1.28466837,103.8276668,159.304147465438,156.940092165899,154.400921658986,#9F9C9A
1.28466837,103.8416668,152.186170212766,153.335106382979,154.303191489362,#98999A
1.28466837,103.8556668,148.201923076923,154.817307692308,155.903846153846,#949A9B
1.28466837,103.8696668,120.011764705882,121.511764705882,121.247058823529,#787979
1.28466837,103.8836668,178.73417721519,183.645569620253,183.810126582279,#B2B7B7
1.288709824,103.6246667,114,117.333333333333,113.333333333333,#727571
1.288709824,103.6386667,126,126.8,128,#7E7E80
1.288709824,103.6526667,175,179,186,#AFB3BA
1.288709824,103.6666667,92.2,93.6,89.2,#5C5D59
1.288709824,103.6806667,63,102,101,#3F6665
1.288709824,103.7086668,17,18,10,#11120A
1.288709824,103.7226668,128.5,120.5,106.5,#80786A
1.288709824,103.7506668,92.2,107.8,129.2,#5C6B81
1.288709824,103.7646668,136.610837438424,136.463054187192,133.23645320197,#888885
1.288709824,103.7786668,125.052173913043,126.086956521739,124.721739130435,#7D7E7C
1.288709824,103.7926668,148.405660377359,149.528301886792,147.179245283019,#949593
1.288709824,103.8066668,139.577092511013,139.79295154185,138.68281938326,#8B8B8A
1.288709824,103.8206668,148.720812182741,146.878172588833,141.116751269036,#94928D
1.288709824,103.8346668,160.008849557522,157.194690265487,153.12389380531,#A09D99
1.288709824,103.8486668,144.35,144.08,143.56,#90908F
1.288709824,103.8626668,132.712765957447,136.675531914894,135.904255319149,#848887
1.288709824,103.8766668,121.532338308458,125.318407960199,133.094527363184,#797D85
1.288709824,103.8906668,179.004651162791,180.758139534884,180.920930232558,#B3B4B4
1.292751277,103.6176667,186.6,186.8,187.6,#BABABB
1.292751277,103.6316667,129.333333333333,129.222222222222,136.222222222222,#818188
1.292751277,103.6456667,137.6,138.8,143.8,#898A8F
1.292751277,103.6596667,192.666666666667,189.666666666667,176,#C0BDB0
1.292751277,103.6736667,130.3,128.8,122.5,#82807A
1.292751277,103.7016668,134.666666666667,120.5,120.166666666667,#867878
1.292751277,103.7156668,132.636363636364,123.363636363636,117.545454545455,#847B75
1.292751277,103.7576668,145.41592920354,144.867256637168,146.216814159292,#919092
1.292751277,103.7716668,122.05376344086,120.05376344086,116.763440860215,#7A7874
1.292751277,103.7856668,142.229074889868,142.431718061674,138.942731277533,#8E8E8A
1.292751277,103.7996668,140.84347826087,137.64347826087,136.339130434783,#8C8988
1.292751277,103.8136668,152.234146341463,151.614634146341,151.99512195122,#989797
1.292751277,103.8276668,117.436018957346,115.018957345972,112.928909952607,#757370
1.292751277,103.8416668,146.637614678899,146.93119266055,145.56880733945,#929291
1.292751277,103.8556668,143.234234234234,147.238738738739,149.567567567568,#8F9395
1.292751277,103.8696668,108.593457943925,106.616822429907,111.369158878505,#6C6A6F
1.292751277,103.8836668,167.041666666667,166.643518518519,167.074074074074,#A7A6A7
1.292751277,103.8976668,151.357142857143,151.819047619048,152.72380952381,#979798
1.296792731,103.6246667,166.2,166.2,174.3,#A6A6AE
1.296792731,103.6386667,87.4545454545455,87.7272727272727,89.3636363636364,#575759
1.296792731,103.6526667,102,106,111.818181818182,#666A6F
1.296792731,103.6666667,114.555555555556,135.777777777778,140,#72878C
1.296792731,103.6806667,152.631578947368,152.315789473684,159.789473684211,#98989F
1.296792731,103.6946668,151.8,161.3,169.1,#97A1A9
1.296792731,103.7086668,105.421052631579,99.3157894736842,95.4736842105263,#69635F
1.296792731,103.7226668,128.5,120.5,106.5,#80786A
1.296792731,103.7366668,181.444444444444,187.444444444444,196,#B5BBC4
1.296792731,103.7506668,110.098039215686,111.43137254902,115.490196078431,#6E6F73
1.296792731,103.7646668,153.932584269663,153.668539325843,148.438202247191,#999994
1.296792731,103.7786668,130.016042780749,126.27807486631,122.754010695187,#827E7A
1.296792731,103.7926668,143.422018348624,140.811926605505,136.798165137615,#8F8C88
1.296792731,103.8066668,145.703703703704,143.824074074074,144.152777777778,#918F90
1.296792731,103.8206668,131.567307692308,130.173076923077,123.605769230769,#83827B
1.296792731,103.8346668,149.609137055838,147.868020304569,142.583756345178,#95938E
1.296792731,103.8486668,110.378109452736,108.28855721393,103.36815920398,#6E6C67
1.296792731,103.8626668,146.218604651163,148.772093023256,151.66511627907,#929497
1.296792731,103.8766668,111.585987261147,113.229299363057,117.152866242038,#6F7175
1.296792731,103.8906668,144.877450980392,146.078431372549,144.990196078431,#909290
1.296792731,103.9046669,147.013574660633,147.054298642534,145.180995475113,#939391
1.300834185,103.6176667,231.75,232,237.25,#E7E8ED
1.300834185,103.6316667,177.6,173.8,185.6,#B1ADB9
1.300834185,103.6456667,82.6326530612245,84.3469387755102,90.265306122449,#52545A
1.300834185,103.6596667,182.416666666667,205.916666666667,218.583333333333,#B6CDDA
1.300834185,103.6736667,154.4,154.8,160.92,#9A9AA0
1.300834185,103.6876668,115.333333333333,117.333333333333,121.166666666667,#737579
1.300834185,103.7016668,116.130434782609,118.086956521739,119.95652173913,#747677
1.300834185,103.7156668,125,116.2,113,#7D7471
1.300834185,103.7296668,163.966666666667,165.366666666667,166.266666666667,#A3A5A6
1.300834185,103.7436668,131.173913043478,129.724637681159,128.753623188406,#838180
1.300834185,103.7576668,155.990990990991,157.468468468468,158.036036036036,#9B9D9E
1.300834185,103.7716668,115.28729281768,111.933701657459,111.011049723757,#736F6F
1.300834185,103.7856668,131.374429223744,130.10502283105,125.611872146119,#83827D
1.300834185,103.7996668,161.964912280702,161.337719298246,159.179824561404,#A1A19F
1.300834185,103.8136668,125.009950248756,127.383084577114,121.407960199005,#7D7F79
1.300834185,103.8276668,137.846153846154,133.923076923077,128.117948717949,#898580
1.300834185,103.8416668,145.29702970297,143.544554455446,140.173267326733,#918F8C
1.300834185,103.8556668,127.183406113537,127.410480349345,127.445414847162,#7F7F7F
1.300834185,103.8696668,110.766055045872,109.481651376147,111.128440366972,#6E6D6F
1.300834185,103.8836668,153.382352941176,154.676470588235,154.235294117647,#999A9A
1.300834185,103.8976668,151.142076502732,149.584699453552,146.650273224044,#979592
1.300834185,103.9116669,151.320346320346,150.991341991342,148.714285714286,#979694
1.300834185,103.9256669,131.658031088083,133.00518134715,135.512953367876,#838587
1.304875639,103.6246667,143.25,142.166666666667,134.083333333333,#8F8E86
1.304875639,103.6386667,89.1176470588235,88.7058823529412,93,#59585D
1.304875639,103.6526667,103.326530612245,107.979591836735,116.163265306122,#676B74
1.304875639,103.6666667,183.25,195,198.333333333333,#B7C3C6
1.304875639,103.6806667,166.4,167.5,170.933333333333,#A6A7AA
1.304875639,103.6946668,136.4,145.533333333333,151.866666666667,#889197
1.304875639,103.7086668,129.590909090909,120.454545454545,118.136363636364,#817876
1.304875639,103.7226668,132.964788732394,132.422535211268,130.816901408451,#848482
1.304875639,103.7366668,192.181818181818,198.181818181818,205.181818181818,#C0C6CD
1.304875639,103.7506668,121.417085427136,121.015075376884,120.954773869347,#797978
1.304875639,103.7646668,130.150537634409,129.930107526882,128.645161290323,#828180
1.304875639,103.7786668,117.696132596685,113.883977900553,111.646408839779,#75716F
1.304875639,103.7926668,119.519047619048,116.309523809524,112.1,#777470
1.304875639,103.8066668,126.379146919431,125.734597156398,123.483412322275,#7E7D7B
1.304875639,103.8206668,132.748663101604,133.620320855615,128.27807486631,#848580
1.304875639,103.8346668,139.097435897436,136.420512820513,132.502564102564,#8B8884
1.304875639,103.8486668,143.360169491525,143.127118644068,141.995762711864,#8F8F8D
1.304875639,103.8626668,171.252293577982,172.128440366972,173.128440366972,#ABACAD
1.304875639,103.8766668,119.914691943128,116.492890995261,114.478672985782,#777472
1.304875639,103.8906668,166.524038461538,167.408653846154,168.038461538462,#A6A7A8
1.304875639,103.9046669,141.536585365854,141.248780487805,139.517073170732,#8D8D8B
1.304875639,103.9186669,154.695278969957,151.613733905579,148.18025751073,#9A9794
1.304875639,103.9326669,135.104347826087,136.147826086957,138.004347826087,#87888A
1.308917092,103.6316667,120.1,127.2,104,#787F68
1.308917092,103.6456667,88.1111111111111,90.6481481481481,97.9074074074074,#585A61
1.308917092,103.6596667,166.692307692308,162.692307692308,144.307692307692,#A6A290
1.308917092,103.6736667,186.625,185.9375,182.5,#BAB9B6
1.308917092,103.6876668,174.833333333333,180.666666666667,179.5,#AEB4B3
1.308917092,103.7016668,135.411764705882,135.588235294118,136,#878788
1.308917092,103.7156668,166.421052631579,165.789473684211,167.052631578947,#A6A5A7
1.308917092,103.7296668,151.011111111111,150.505555555556,148.138888888889,#979694
1.308917092,103.7436668,123.030769230769,122.779487179487,122.620512820513,#7B7A7A
1.308917092,103.7576668,153.72380952381,153.428571428571,151.661904761905,#999997
1.308917092,103.7716668,128.886138613861,129.643564356436,131.490099009901,#808183
1.308917092,103.7856668,136.507462686567,135.532338308458,132.557213930348,#888784
1.308917092,103.7996668,136.369158878505,136.364485981308,133.102803738318,#888885
1.308917092,103.8136668,128.021390374332,132.224598930481,120.513368983957,#808478
1.308917092,103.8276668,130.378109452736,126.283582089552,121.024875621891,#827E79
1.308917092,103.8416668,140.915094339623,139.466981132075,137.169811320755,#8C8B89
1.308917092,103.8556668,178.307692307692,178.366515837104,178.285067873303,#B2B2B2
1.308917092,103.8696668,130.910714285714,126.366071428571,121.397321428571,#827E79
1.308917092,103.8836668,160.224489795918,159.841836734694,157.071428571429,#A09F9D
1.308917092,103.8976668,142.252475247525,139,136.514851485149,#8E8B88
1.308917092,103.9116669,162.907172995781,161.438818565401,157.206751054852,#A2A19D
1.308917092,103.9256669,135.354545454545,139.790909090909,141.413636363636,#878B8D
1.308917092,103.9396669,172.083720930233,172.651162790698,169.846511627907,#ACACA9
1.308917092,103.9536669,129.900497512438,128.930348258706,126.840796019901,#81807E
1.308917092,103.9816669,136.557823129252,137.068027210884,133.891156462585,#888985
1.308917092,103.9956669,153,149.894736842105,142.477732793522,#99958E
1.312958546,103.6246667,136.818181818182,148.909090909091,140.954545454545,#88948C
1.312958546,103.6386667,166.083333333333,169.083333333333,167.166666666667,#A6A9A7
1.312958546,103.6526667,120.404761904762,121.119047619048,122.619047619048,#78797A
1.312958546,103.6666667,166.076923076923,163.923076923077,162,#A6A3A2
1.312958546,103.6806667,183.7,187.6,183.9,#B7BBB7
1.312958546,103.6946668,89.3333333333333,89.5833333333333,87.8333333333333,#595957
1.312958546,103.7086668,81.4720812182741,85.7918781725888,74.9847715736041,#51554A
1.312958546,103.7226668,151.766666666667,151.566666666667,149.416666666667,#979795
1.312958546,103.7366668,127.984962406015,129.473684210526,128.992481203008,#7F8180
1.312958546,103.7506668,130.75,131.367346938776,130.954081632653,#828382
1.312958546,103.7646668,151.357541899441,149.882681564246,147.251396648045,#979593
1.312958546,103.7786668,137.788944723618,135.643216080402,132.095477386935,#898784
1.312958546,103.7926668,125.72380952381,124.995238095238,121.504761904762,#7D7C79
1.312958546,103.8066668,114.148571428571,117.354285714286,111.274285714286,#72756F
1.312958546,103.8206668,133.185792349727,136.928961748634,126.792349726776,#85887E
1.312958546,103.8346668,127.153110047847,122.875598086124,120.33971291866,#7F7A78
1.312958546,103.8486668,172.356807511737,172.408450704225,171.347417840376,#ACACAB
1.312958546,103.8626668,153.442857142857,155.428571428571,155.047619047619,#999B9B
1.312958546,103.8766668,118,116.845794392523,112.691588785047,#767470
1.312958546,103.8906668,137.038647342995,135.729468599034,135.990338164251,#898787
1.312958546,103.9046669,148.347417840376,145.455399061033,142.046948356808,#94918E
1.312958546,103.9186669,146.262443438914,143.927601809955,140.407239819005,#928F8C
1.312958546,103.9326669,157.399082568807,159.779816513761,156.669724770642,#9D9F9C
1.312958546,103.9466669,161.37556561086,163.47963800905,162.135746606335,#A1A3A2
1.312958546,103.9606669,148.341836734694,150.510204081633,153.020408163265,#949699
1.312958546,103.9746669,153.432989690722,152.355670103093,148.510309278351,#999894
1.312958546,103.9886669,103.048780487805,98.1951219512195,95.7621951219512,#67625F
1.312958546,104.0026669,168.963503649635,166.956204379562,160.394160583942,#A8A6A0
1.312958546,104.0166669,152.719457013575,158.452488687783,162.185520361991,#989EA2
1.312958546,104.0306669,185.783898305085,187.834745762712,190.690677966102,#B9BBBE
1.317,103.6316667,147.37037037037,157.592592592593,151.111111111111,#939D97
1.317,103.6456667,126.84,132.08,137.04,#7E8489
1.317,103.6596667,121.363636363636,118.727272727273,100.090909090909,#797664
1.317,103.6736667,103.25,99,87.5,#676357
1.317,103.6876668,191.2,185,185,#BFB9B9
1.317,103.7016668,85.6512820512821,89.3076923076923,78.2923076923077,#55594E
1.317,103.7156668,109.046632124352,109.445595854922,103.243523316062,#6D6D67
1.317,103.7296668,146.958115183246,146.921465968586,145.13612565445,#929291
1.317,103.7436668,133.299492385787,134.989847715736,136.233502538071,#858688
1.317,103.7716668,156.43023255814,152.622093023256,149.494186046512,#9C9895
1.317,103.7856668,116.603015075377,112.643216080402,102.683417085427,#747066
1.317,103.7996668,136.373831775701,136.31308411215,134.957943925234,#888886
1.317,103.8136668,139.516483516484,143.126373626374,134.362637362637,#8B8F86
1.317,103.8276668,126.215246636771,124.412556053812,120.434977578475,#7E7C78
1.317,103.8416668,137.869565217391,134.980676328502,131.111111111111,#898683
1.317,103.8556668,152.161764705882,152.303921568627,150.882352941176,#989896
1.317,103.8696668,172.056603773585,164.698113207547,159.216981132075,#ACA49F
1.317,103.8836668,155.831683168317,157.346534653465,157.524752475248,#9B9D9D
1.317,103.8976668,139.830508474576,135.909604519774,134.932203389831,#8B8786
1.317,103.9116669,156.178571428571,152.973214285714,149.892857142857,#9C9895
1.317,103.9256669,133.412844036697,133.821100917431,132.238532110092,#858584
1.317,103.9396669,168.694835680751,169.051643192488,166.769953051643,#A8A9A6
1.317,103.9536669,148.490825688073,149.45871559633,150.637614678899,#949596
1.317,103.9676669,154.848484848485,155.550505050505,153.742424242424,#9A9B99
1.317,103.9816669,88.3466666666667,83.34,82.4933333333333,#585352
1.317,103.9956669,101.975308641975,97.2777777777778,95,#65615F
1.317,104.0096669,143.891891891892,151.108108108108,156.621621621622,#8F979C
1.317,104.0236669,153.366071428571,154.897321428571,157.334821428571,#999A9D
1.317,104.0376669,157.323529411765,129.882352941176,115.676470588235,#9D8173
1.321041454,103.6246667,146.5,162.75,163.0625,#92A2A3
1.321041454,103.6386667,178.5,180.388888888889,175.666666666667,#B2B4AF
1.321041454,103.6526667,65.5,69.875,75.5,#41454B
1.321041454,103.6666667,155.625,163.8125,167.3125,#9BA3A7
1.321041454,103.6806667,159.382352941176,156.323529411765,150.088235294118,#9F9C96
1.321041454,103.6946668,143.547619047619,140.02380952381,135.976190476191,#8F8C87
1.321041454,103.7086668,85.6512820512821,89.3076923076923,78.2923076923077,#55594E
1.321041454,103.7226668,162.239726027397,163.705479452055,161.075342465753,#A2A3A1
1.321041454,103.7366668,133.769585253456,133.078341013825,131.884792626728,#858583
1.321041454,103.7506668,143.315,142.435,139.835,#8F8E8B
1.321041454,103.7646668,126.588235294118,122.909090909091,120.245989304813,#7E7A78
1.321041454,103.7786668,109.843601895735,109.938388625592,103.862559241706,#6D6D67
1.321041454,103.7926668,155.846153846154,150.159763313609,144.01775147929,#9B9690
1.321041454,103.8066668,152.252427184466,151.257281553398,146.456310679612,#989792
1.321041454,103.8206668,158.856382978723,160.56914893617,152.968085106383,#9EA098
1.321041454,103.8346668,133.18018018018,131.513513513514,129.333333333333,#858381
1.321041454,103.8486668,132.049773755656,129.705882352941,125.502262443439,#84817D
1.321041454,103.8626668,153.882629107981,147.788732394366,145.098591549296,#999391
1.321041454,103.8766668,162.747524752475,161.945544554455,159.584158415842,#A2A19F
1.321041454,103.8906668,135.716049382716,134.074074074074,135.030864197531,#878687
1.321041454,103.9046669,156.091428571429,151.822857142857,149.114285714286,#9C9795
1.321041454,103.9186669,131.5,131.286458333333,130.5,#838382
1.321041454,103.9326669,144.665,140.56,138.125,#908C8A
1.321041454,103.9466669,163.036036036036,163.027027027027,162.490990990991,#A3A3A2
1.321041454,103.9606669,156.472972972973,158.036036036036,159.072072072072,#9C9E9F
1.321041454,103.9746669,156.663157894737,155.936842105263,152.4,#9C9B98
1.321041454,103.9886669,88.1506849315069,82.8561643835617,81.8972602739726,#585251
1.321041454,104.0166669,160.573275862069,165.155172413793,169.086206896552,#A0A5A9
1.321041454,104.0306669,164.429824561404,165.469298245614,167.223684210526,#A4A5A7
1.325082908,103.6316667,226.888888888889,224.666666666667,210.888888888889,#E2E0D2
1.325082908,103.6456667,100.733333333333,101,104.133333333333,#646568
1.325082908,103.6596667,212.615384615385,219,217,#D4DBD9
1.325082908,103.6736667,169.50495049505,164.653465346535,165.10396039604,#A9A4A5
1.325082908,103.6876668,190.852941176471,190.647058823529,184.441176470588,#BEBEB8
1.325082908,103.7016668,84.0339805825243,87.3980582524272,76.3009708737864,#54574C
1.325082908,103.7156668,131.372972972973,133.048648648649,127.497297297297,#83857F
1.325082908,103.7296668,144.039473684211,145.151315789474,137.986842105263,#909189
1.325082908,103.7436668,175.126984126984,177.232804232804,176.470899470899,#AFB1B0
1.325082908,103.7576668,123.377880184332,118.967741935484,115.811059907834,#7B7673
1.325082908,103.7716668,155.468468468468,153.797297297297,151.806306306306,#9B9997
1.325082908,103.7856668,148.402116402116,147.597883597884,141.375661375661,#94938D
1.325082908,103.7996668,139.980582524272,139.995145631068,139.150485436893,#8B8B8B
1.325082908,103.8136668,143.136363636364,135.989898989899,130.464646464646,#8F8782
1.325082908,103.8276668,109.544186046512,103.339534883721,96.2139534883721,#6D6760
1.325082908,103.8416668,137.875536480687,138.390557939914,138.111587982833,#898A8A
1.325082908,103.8556668,132.310526315789,129.768421052632,128.121052631579,#848180
1.325082908,103.8696668,149.100456621005,146.178082191781,142.255707762557,#95928E
1.325082908,103.8836668,158.281407035176,156.894472361809,155.150753768844,#9E9C9B
1.325082908,103.8976668,151.241610738255,149.201342281879,148.38255033557,#979594
1.325082908,103.9116669,154.215384615385,152.830769230769,149.702564102564,#9A9895
1.325082908,103.9256669,130.783251231527,129.965517241379,128.71921182266,#828180
1.325082908,103.9396669,151.283582089552,150.024875621891,146.179104477612,#979692
1.325082908,103.9536669,175.36,174.524444444444,172.884444444444,#AFAEAC
1.325082908,103.9676669,180.693069306931,187.108910891089,192.970297029703,#B4BBC0
1.325082908,103.9816669,157.05,161.79,162.62,#9DA1A2
1.325082908,103.9956669,164.633333333333,179.257142857143,197.02380952381,#A4B3C5
1.325082908,104.0096669,164.191387559809,178.995215311005,196.88038277512,#A4B2C4
1.325082908,104.0236669,171.400843881857,177.886075949367,182.755274261603,#ABB1B6
1.329124361,103.6386667,163.55,168.1,162.5,#A3A8A2
1.329124361,103.6526667,141.751879699248,137.96992481203,128.037593984962,#8D8980
1.329124361,103.6666667,192.944680851064,189.131914893617,188.557446808511,#C0BDBC
1.329124361,103.6806667,137.661290322581,137.349462365591,134.575268817204,#898986
1.329124361,103.6946668,121.088888888889,123.566666666667,122.822222222222,#797B7A
1.329124361,103.7086668,124.616822429907,124.317757009346,119.5,#7C7C77
1.329124361,103.7226668,160.886363636364,160.102272727273,157.244318181818,#A0A09D
1.329124361,103.7366668,168.584158415842,172.430693069307,171.207920792079,#A8ACAB
1.329124361,103.7506668,156.554545454545,152.327272727273,147.631818181818,#9C9893
1.329124361,103.7646668,144.169902912621,140.902912621359,139.388349514563,#908C8B
1.329124361,103.7786668,152.37619047619,155.07619047619,151.552380952381,#989B97
1.329124361,103.7926668,143.272321428571,141.683035714286,135.375,#8F8D87
1.329124361,103.8066668,149.962790697674,145.711627906977,140.46976744186,#95918C
1.329124361,103.8206668,144.777777777778,138.020202020202,125.717171717172,#908A7D
1.329124361,103.8346668,161.240343347639,160.480686695279,161.660944206009,#A1A0A1
1.329124361,103.8486668,147.756613756614,149.809523809524,146.724867724868,#939592
1.329124361,103.8626668,158.380165289256,155.896694214876,148.942148760331,#9E9B94
1.329124361,103.8766668,142.801470588235,142.139705882353,142.963235294118,#8E8E8E
1.329124361,103.8906668,173.069651741294,172.059701492537,168.825870646766,#ADACA8
1.329124361,103.9046669,149.526570048309,148.004830917874,146.463768115942,#959492
1.329124361,103.9186669,143.544600938967,143.30985915493,142.995305164319,#8F8F8E
1.329124361,103.9326669,138.930555555556,136.717592592593,132.662037037037,#8A8884
1.329124361,103.9466669,149.015151515152,148.252525252525,145.919191919192,#959491
1.329124361,103.9606669,159.608695652174,164.053140096618,171.178743961353,#9FA4AB
1.329124361,103.9746669,187.607142857143,194.375,192.839285714286,#BBC2C0
1.329124361,103.9886669,145.88,147.2,146.04,#919392
1.329124361,104.0026669,164.071770334928,178.818181818182,196.703349282297,#A4B2C4
1.329124361,104.0166669,99,131,169,#6383A9
1.333165815,103.6316667,154.833333333333,163,155,#9AA39B
1.333165815,103.6456667,171.488888888889,167.088888888889,165.155555555556,#ABA7A5
1.333165815,103.6596667,134.916666666667,131.625,121.55,#868379
1.333165815,103.6736667,141.515957446809,141.191489361702,139.664893617021,#8D8D8B
1.333165815,103.6876668,71.0555555555556,72.5808080808081,68.5808080808081,#474844
1.333165815,103.7016668,138.657458563536,137.740331491713,132.187845303867,#8A8984
1.333165815,103.7156668,150.620253164557,149.721518987342,145.29746835443,#969591
1.333165815,103.7296668,126.050925925926,131.138888888889,122.412037037037,#7E837A
1.333165815,103.7436668,171.655,173.7,173.65,#ABADAD
1.333165815,103.7576668,195.547945205479,196.602739726027,195.127853881279,#C3C4C3
1.333165815,103.7716668,138.84,136.32,134.25,#8A8886
1.333165815,103.7856668,151.127167630058,151.739884393064,146.768786127168,#979792
1.333165815,103.7996668,136.440677966102,137.402542372881,131.427966101695,#888983
1.333165815,103.8136668,151.40932642487,147.134715025907,137.585492227979,#979389
1.333165815,103.8276668,97.2865168539326,96.4213483146067,98.9101123595506,#616062
1.333165815,103.8416668,158.651452282158,158.846473029046,156.551867219917,#9E9E9C
1.333165815,103.8556668,155.102150537634,151.532258064516,147.913978494624,#9B9793
1.333165815,103.8696668,137.897196261682,140.088785046729,137.233644859813,#898C89
1.333165815,103.8836668,156.957894736842,154.268421052632,152.557894736842,#9C9A98
1.333165815,103.8976668,143.46261682243,142.518691588785,141.434579439252,#8F8E8D
1.333165815,103.9116669,146.719298245614,146.076023391813,144.093567251462,#929290
1.333165815,103.9256669,163.321266968326,161.746606334842,159.072398190045,#A3A19F
1.333165815,103.9396669,148.926940639269,146.159817351598,141.073059360731,#94928D
1.333165815,103.9536669,158.638095238095,161.67619047619,162.909523809524,#9EA1A2
1.333165815,103.9676669,159.095454545455,162.5,168.240909090909,#9FA2A8
1.333165815,103.9816669,174.313513513514,172.794594594595,164.210810810811,#AEACA4
1.333165815,103.9956669,205.92,207.48,206.08,#CDCFCE
1.337207269,103.6386667,139.730769230769,143.175824175824,145.71978021978,#8B8F91
1.337207269,103.6526667,147.792682926829,142.615853658537,134.146341463415,#938E86
1.337207269,103.6666667,193.707112970711,190.497907949791,190.108786610879,#C1BEBE
1.337207269,103.6806667,92.5260869565217,94.0173913043478,94.004347826087,#5C5E5E
1.337207269,103.6946668,112.806763285024,110.173913043478,106.400966183575,#706E6A
1.337207269,103.7086668,146.297674418605,134.581395348837,136.26511627907,#928688
1.337207269,103.7226668,120.708994708995,125.708994708995,111.608465608466,#787D6F
1.337207269,103.7366668,140.723214285714,146.15625,142.46875,#8C928E
1.337207269,103.7506668,155.277777777778,153.262626262626,151.161616161616,#9B9997
1.337207269,103.7646668,180.24,178.165,177.44,#B4B2B1
1.337207269,103.7786668,142.266666666667,143.958974358974,141.184615384615,#8E8F8D
1.337207269,103.7926668,133.252136752137,134.589743589744,126.961538461538,#85867E
1.337207269,103.8066668,131.042328042328,125.206349206349,115.851851851852,#837D73
1.337207269,103.8206668,100.612359550562,106.606741573034,102.5,#646A66
1.337207269,103.8346668,148.706976744186,150.846511627907,152.06511627907,#949698
1.337207269,103.8486668,160.890909090909,156.109090909091,152.260606060606,#A09C98
1.337207269,103.8626668,129.962790697674,129.874418604651,127.455813953488,#81817F
1.337207269,103.8766668,153.45,157.327272727273,148.377272727273,#999D94
1.337207269,103.8906668,158.471698113208,157.97641509434,158.63679245283,#9E9D9E
1.337207269,103.9046669,135.943298969072,135.922680412371,134.731958762887,#878786
1.337207269,103.9186669,159.456647398844,158.161849710983,155.491329479769,#9F9E9B
1.337207269,103.9326669,165.644444444444,162.088888888889,156.573333333333,#A5A29C
1.337207269,103.9466669,168.845132743363,155.893805309735,146.685840707965,#A89B92
1.337207269,103.9606669,131.61052631579,133.394736842105,133.089473684211,#838585
1.337207269,103.9746669,156.990610328639,171.69014084507,180.018779342723,#9CABB4
1.337207269,103.9886669,176.130653266332,171.27135678392,161.125628140704,#B0ABA1
1.337207269,104.0026669,198.777777777778,202.222222222222,206.111111111111,#C6CACE
1.337207269,104.0866669,161.5,162.5,169.5,#A1A2A9
1.341248723,103.6316667,130.354285714286,136.011428571429,140.588571428571,#82888C
1.341248723,103.6456667,165.083333333333,164.464285714286,160.833333333333,#A5A4A0
1.341248723,103.6596667,215,213.357142857143,215.928571428571,#D7D5D7
1.341248723,103.6736667,119.232653061225,115.783673469388,114.314285714286,#777372
1.341248723,103.6876668,126.433333333333,126.504761904762,123.985714285714,#7E7E7B
1.341248723,103.7016668,142.095454545455,130.963636363636,132.659090909091,#8E8284
1.341248723,103.7156668,147.695454545455,138.363636363636,138.636363636364,#938A8A
1.341248723,103.7296668,123.355450236967,128.905213270142,120.355450236967,#7B8078
1.341248723,103.7716668,124.927461139896,127.108808290155,121,#7C7F79
1.341248723,103.7856668,148.286516853933,145.202247191011,144.044943820225,#949190
1.341248723,103.7996668,146.182203389831,152.152542372881,140.881355932203,#92988C
1.341248723,103.8136668,145.566137566138,155.269841269841,153.994708994709,#919B99
1.341248723,103.8276668,145.539603960396,147.787128712871,148.39603960396,#919394
1.341248723,103.8416668,158.89592760181,157.099547511312,157.294117647059,#9E9D9D
1.341248723,103.8556668,152.892682926829,144.121951219512,142.668292682927,#98908E
1.341248723,103.8696668,157.484978540773,163.244635193133,150.369098712446,#9DA396
1.341248723,103.8836668,160.426605504587,160.206422018349,157.412844036697,#A0A09D
1.341248723,103.8976668,155.103825136612,156.16393442623,158.469945355191,#9B9C9E
1.341248723,103.9116669,150.680555555556,151.145833333333,151.631944444444,#969797
1.341248723,103.9256669,165.708791208791,163.989010989011,163.93956043956,#A5A3A3
1.341248723,103.9396669,155.88995215311,152.650717703349,146.043062200957,#9B9892
1.341248723,103.9536669,111.786802030457,110.522842639594,109.639593908629,#6F6E6D
1.341248723,103.9676669,154.429864253394,158.239819004525,160.592760180995,#9A9EA0
1.341248723,103.9816669,174.85,173.845454545455,167.413636363636,#AEADA7
1.341248723,103.9956669,158.310344827586,159.241379310345,159.827586206897,#9E9F9F
1.341248723,104.0096669,127,127.5,129.5,#7F7F81
1.341248723,104.0796669,100.25,102,106.5,#64666A
1.345290176,103.6386667,134.619047619048,138.380952380952,142.148148148148,#868A8E
1.345290176,103.6526667,166,161.333333333333,169.333333333333,#A6A1A9
1.345290176,103.6666667,219,219.722222222222,222.666666666667,#DBDBDE
1.345290176,103.6806667,157.570652173913,158.945652173913,157.483695652174,#9D9E9D
1.345290176,103.6946668,132.711340206186,132.376288659794,120.072164948454,#848478
1.345290176,103.7086668,136.720183486239,125.036697247706,126.47247706422,#887D7E
1.345290176,103.7226668,147.525252525253,151.686868686869,150.792929292929,#939796
1.345290176,103.7366668,158.789215686275,160.553921568627,157.872549019608,#9EA09D
1.345290176,103.7506668,164.505681818182,163.414772727273,162.295454545455,#A4A3A2
1.345290176,103.7646668,126.004830917874,129.487922705314,124.31884057971,#7E817C
1.345290176,103.7786668,87.1813186813187,90.032967032967,82.4065934065934,#575A52
1.345290176,103.7926668,152.643776824034,159.381974248927,147.004291845494,#989F93
1.345290176,103.8066668,159.099056603774,166.047169811321,165.570754716981,#9FA6A5
1.345290176,103.8206668,129.278350515464,134.072164948454,132.185567010309,#818684
1.345290176,103.8346668,153.177339901478,155.497536945813,153.51724137931,#999B99
1.345290176,103.8486668,149.428571428571,142.478021978022,138.467032967033,#958E8A
1.345290176,103.8626668,141.848623853211,141.284403669725,133.848623853211,#8D8D85
1.345290176,103.8766668,141.916666666667,140.592105263158,133.166666666667,#8D8C85
1.345290176,103.8906668,129.114285714286,130.185714285714,132.042857142857,#818284
1.345290176,103.9046669,201.168888888889,205.977777777778,209.053333333333,#C9CDD1
1.345290176,103.9186669,163.621052631579,164.731578947368,163.384210526316,#A3A4A3
1.345290176,103.9326669,163.526946107784,163.02994011976,162.317365269461,#A3A3A2
1.345290176,103.9466669,127.030150753769,124.824120603015,123.366834170854,#7F7C7B
1.345290176,103.9606669,123.238317757009,125.032710280374,123.056074766355,#7B7D7B
1.345290176,103.9746669,153.615740740741,166.513888888889,169.643518518519,#99A6A9
1.345290176,103.9886669,140.358490566038,139.051886792453,135.094339622642,#8C8B87
1.345290176,104.0026669,170.842105263158,168.894736842105,166.578947368421,#AAA8A6
1.345290176,104.0166669,225,243,253,#E1F3FD
1.345290176,104.0306669,220.833333333333,220.166666666667,226.166666666667,#DCDCE2
1.345290176,104.0726669,155,158.666666666667,160,#9B9EA0
1.34933163,103.6316667,127.092485549133,130.254335260116,136.566473988439,#7F8288
1.34933163,103.6456667,145.5,146.142857142857,143.785714285714,#91928F
1.34933163,103.6596667,228,230.714285714286,235.357142857143,#E4E6EB
1.34933163,103.6736667,128.460227272727,128.710227272727,127.352272727273,#80807F
1.34933163,103.6876668,147.211956521739,150.989130434783,140.320652173913,#93968C
1.34933163,103.7016668,181.435779816514,176.371559633028,173.857798165138,#B5B0AD
1.34933163,103.7156668,154.323144104804,156.633187772926,154.087336244542,#9A9C9A
1.34933163,103.7296668,166.225130890052,166.607329842932,166.376963350785,#A6A6A6
1.34933163,103.7436668,146.079545454545,140.556818181818,136.142045454545,#928C88
1.34933163,103.7576668,145.092307692308,147,145.08717948718,#919391
1.34933163,103.7716668,102.09793814433,104.211340206186,97.4690721649485,#666861
1.34933163,103.7856668,129.988700564972,131.751412429379,126.197740112994,#81837E
1.34933163,103.7996668,158.1592039801,161.268656716418,158.840796019901,#9EA19E
1.34933163,103.8136668,149.321951219512,159.917073170732,163.478048780488,#959FA3
1.34933163,103.8276668,141.72,141.62,138.995,#8D8D8A
1.34933163,103.8416668,137.842391304348,134.673913043478,130.532608695652,#898682
1.34933163,103.8556668,149.804761904762,150.066666666667,143.233333333333,#95968F
1.34933163,103.8696668,143.118721461187,142.452054794521,135.456621004566,#8F8E87
1.34933163,103.8836668,130.288288288288,126.608108108108,122.427927927928,#827E7A
1.34933163,103.8976668,202.004424778761,206.765486725664,209.800884955752,#CACED1
1.34933163,103.9116669,178.795918367347,181.020408163265,183.081632653061,#B2B5B7
1.34933163,103.9256669,148.220512820513,147.405128205128,147.610256410256,#949393
1.34933163,103.9396669,149.759803921569,150.955882352941,152.308823529412,#959698
1.34933163,103.9536669,109.935323383085,109.318407960199,105.990049751244,#6D6D69
1.34933163,103.9676669,137.364928909953,137.028436018957,139.18009478673,#89898B
1.34933163,103.9816669,125.88679245283,122.11320754717,115.367924528302,#7D7A73
1.34933163,103.9956669,116.874439461883,116.600896860987,114.90134529148,#747472
1.34933163,104.0096669,188,180.285714285714,169.428571428571,#BCB4A9
1.34933163,104.0236669,221.428571428571,223.428571428571,230,#DDDFE6
1.34933163,104.0656669,255,255,255,#FFFFFF
1.34933163,104.0796669,131,133,138,#83858A
1.353373084,103.6386667,134.545454545455,137.272727272727,137.672727272727,#868989
1.353373084,103.6526667,205,220,225,#CDDCE1
1.353373084,103.6666667,217.857142857143,225,229.857142857143,#D9E1E5
1.353373084,103.6806667,160.108695652174,161.135869565217,160.423913043478,#A0A1A0
1.353373084,103.6946668,120.41,124.3,108.93,#787C6C
1.353373084,103.7086668,190.19262295082,188.803278688525,188.409836065574,#BEBCBC
1.353373084,103.7226668,169.241379310345,169.399014778325,167.995073891626,#A9A9A7
1.353373084,103.7366668,136.780952380952,139.695238095238,136.390476190476,#888B88
1.353373084,103.7506668,149.381188118812,149.495049504951,149.737623762376,#959595
1.353373084,103.7646668,133.37,136.84,130.73,#858882
1.353373084,103.7786668,89.0828729281768,92.9226519337017,84.3259668508287,#595C54
1.353373084,103.7926668,140.684684684685,148.594594594595,134.486486486487,#8C9486
1.353373084,103.8066668,139.024875621891,143.194029850746,140.189054726368,#8B8F8C
1.353373084,103.8206668,132.123711340206,135.943298969072,133.221649484536,#848785
1.353373084,103.8346668,156.828703703704,156.361111111111,152.189814814815,#9C9C98
1.353373084,103.8486668,150.340540540541,148.183783783784,145.751351351351,#969491
1.353373084,103.8626668,142.073732718894,139.373271889401,131.359447004608,#8E8B83
1.353373084,103.8766668,128.200873362445,131.903930131004,114.986899563319,#808372
1.353373084,103.8906668,159.85641025641,155.220512820513,149.482051282051,#9F9B95
1.353373084,103.9046669,210.856540084388,215.400843881857,217.683544303797,#D2D7D9
1.353373084,103.9186669,145.056603773585,150.094339622642,152.679245283019,#919698
1.353373084,103.9326669,167.344036697248,167.518348623853,165.862385321101,#A7A7A5
1.353373084,103.9466669,143.675,144.655,144.945,#8F9090
1.353373084,103.9606669,128.441176470588,124.647058823529,125.671568627451,#807C7D
1.353373084,103.9746669,149.183856502242,148.04932735426,149.080717488789,#959495
1.353373084,103.9886669,142.142857142857,138.113300492611,132.507389162562,#8E8A84
1.353373084,104.0026669,161.827586206897,164.689655172414,165.758620689655,#A1A4A5
1.353373084,104.0166669,225,243,253,#E1F3FD
1.353373084,104.0306669,170.461538461538,181.230769230769,204.615384615385,#AAB5CC
1.353373084,104.0446669,254,254,254,#FEFEFE
1.353373084,104.0586669,255,255,255,#FFFFFF
1.357414538,103.6596667,217.857142857143,225,229.857142857143,#D9E1E5
1.357414538,103.6736667,230.5,146,132.5,#E69284
1.357414538,103.6876668,104.762376237624,113.806930693069,93.8960396039604,#68715D
1.357414538,103.7016668,181.151376146789,180.261467889908,177.678899082569,#B5B4B1
1.357414538,103.7156668,158.294964028777,156.460431654676,152.424460431655,#9E9C98
1.357414538,103.7296668,185.291666666667,182.151041666667,179.364583333333,#B9B6B3
1.357414538,103.7436668,148.941860465116,144.627906976744,138.354651162791,#94908A
1.357414538,103.7576668,150.427272727273,152.840909090909,155.040909090909,#96989B
1.357414538,103.7716668,119.771241830065,120.980392156863,108.758169934641,#77786C
1.357414538,103.7856668,121.619718309859,128.042253521127,111.859154929577,#79806F
1.357414538,103.7996668,153.13829787234,154.18085106383,149.063829787234,#999A95
1.357414538,103.8136668,104.946078431373,101.764705882353,97.9509803921569,#686561
1.357414538,103.8276668,139.039603960396,133.10396039604,115.950495049505,#8B8573
1.357414538,103.8416668,163.632183908046,161.413793103448,157.16091954023,#A3A19D
1.357414538,103.8556668,130.040935672515,130.894736842105,130.017543859649,#828282
1.357414538,103.8696668,133.864406779661,145.021186440678,122.588983050847,#85917A
1.357414538,103.8836668,130.208530805687,125.734597156398,119.483412322275,#827D77
1.357414538,103.8976668,212.791489361702,216.651063829787,218.548936170213,#D4D8DA
1.357414538,103.9116669,175.795620437956,177.605839416058,179.598540145985,#AFB1B3
1.357414538,103.9256669,154.704035874439,149.829596412556,145.295964125561,#9A9591
1.357414538,103.9396669,162.823788546256,162.665198237885,162.162995594714,#A2A2A2
1.357414538,103.9536669,139.294117647059,136.877450980392,134.96568627451,#8B8886
1.357414538,103.9676669,133.657894736842,128.017543859649,123.368421052632,#85807B
1.357414538,103.9816669,131.331658291457,129.462311557789,126.211055276382,#83817E
1.357414538,103.9956669,130.981981981982,125.95045045045,119.337837837838,#827D77
1.357414538,104.0096669,168.566820276498,175.059907834101,177.866359447005,#A8AFB1
1.357414538,104.0236669,140.183486238532,169.733944954128,195.082568807339,#8CA9C3
1.357414538,104.0376669,155.35,169.55,198.15,#9BA9C6
1.357414538,104.0516669,214,221.333333333333,230.666666666667,#D6DDE6
1.357414538,104.0656669,255,255,255,#FFFFFF
1.361455991,103.6386667,45,12,29,#2D0C1D
1.361455991,103.6806667,141.65,151.45,135.75,#8D9787
1.361455991,103.6946668,133.774869109948,138.680628272251,133.005235602094,#858A85
1.361455991,103.7086668,164.28,164.16,162.76,#A4A4A2
1.361455991,103.7226668,166.071428571429,167.642857142857,163.285714285714,#A6A7A3
1.361455991,103.7366668,117.785714285714,123.071428571429,118.333333333333,#757B76
1.361455991,103.7506668,148.231213872832,150.849710982659,149.231213872832,#949695
1.361455991,103.7646668,142.122699386503,142.705521472393,138.834355828221,#8E8E8A
1.361455991,103.7786668,94.1132075471698,99.2452830188679,82.9496855345912,#5E6352
1.361455991,103.7926668,106.527777777778,117.194444444444,79.6111111111111,#6A754F
1.361455991,103.8066668,135.569306930693,137.881188118812,136.980198019802,#878988
1.361455991,103.8206668,117.292307692308,110.728205128205,102.707692307692,#756E66
1.361455991,103.8346668,186.666666666667,183.629166666667,179.020833333333,#BAB7B3
1.361455991,103.8486668,136.720930232558,133.558139534884,128.46976744186,#888580
1.361455991,103.8626668,126.72192513369,125.139037433155,123.609625668449,#7E7D7B
1.361455991,103.8766668,143.218009478673,158.578199052133,132.208530805687,#8F9E84
1.361455991,103.8906668,151.672897196262,148.163551401869,143.859813084112,#97948F
1.361455991,103.9046669,176.703296703297,176.978021978022,176.818681318681,#B0B0B0
1.361455991,103.9186669,157.272727272727,166.454545454545,167.272727272727,#9DA6A7
1.361455991,103.9326669,164.140350877193,162.157894736842,158.179824561404,#A4A29E
1.361455991,103.9466669,141.099526066351,141.374407582938,136.028436018957,#8D8D88
1.361455991,103.9606669,137.252336448598,132.317757009346,126.672897196262,#89847E
1.361455991,103.9746669,110.724576271186,117.944915254237,120.682203389831,#6E7578
1.361455991,103.9886669,140.388059701493,140.26368159204,135.303482587065,#8C8C87
1.361455991,104.0026669,148.7625,159.920833333333,161.008333333333,#949FA1
1.361455991,104.0166669,138.289099526066,164.635071090047,187.488151658768,#8AA4BB
1.361455991,104.0306669,134.146341463415,163.260162601626,190.841463414634,#86A3BE
1.365497445,103.6876668,120.282608695652,124.173913043478,117.891304347826,#787C75
1.365497445,103.7016668,157.907692307692,158.153846153846,158.076923076923,#9D9E9E
1.365497445,103.7156668,152.444444444444,153.222222222222,142.111111111111,#98998E
1.365497445,103.7296668,149.655172413793,152,155.931034482759,#95989B
1.365497445,103.7436668,159.129032258065,158.4,157.135483870968,#9F9E9D
1.365497445,103.7576668,153.882352941176,154.065359477124,152.83660130719,#999A98
1.365497445,103.7716668,114.51497005988,117.712574850299,104.245508982036,#727568
1.365497445,103.7856668,114.475524475525,118.685314685315,108.391608391608,#72766C
1.365497445,103.7996668,194.55,195.6,191.075,#C2C3BF
1.365497445,103.8136668,103.312195121951,100.326829268293,96.8390243902439,#676460
1.365497445,103.8276668,170.488986784141,166.185022026432,159.149779735683,#AAA69F
1.365497445,103.8416668,187.085365853659,186.678861788618,185.089430894309,#BBBAB9
1.365497445,103.8556668,128.530805687204,124.739336492891,119.687203791469,#807C77
1.365497445,103.8696668,156.430051813472,154.683937823834,152.538860103627,#9C9A98
1.365497445,103.8836668,176.289340101523,177.05076142132,174.370558375635,#B0B1AE
1.365497445,103.8976668,156.084848484849,157.775757575758,158.721212121212,#9C9D9E
1.365497445,103.9116669,168.983333333333,169.6,170.916666666667,#A8A9AA
1.365497445,103.9256669,169.908333333333,174.108333333333,175.525,#A9AEAF
1.365497445,103.9396669,148.660792951542,147.519823788546,140.744493392071,#94938C
1.365497445,103.9536669,151.415525114155,156.123287671233,145.543378995434,#979C91
1.365497445,103.9676669,161.980295566502,160.354679802956,156.004926108374,#A1A09C
1.365497445,103.9816669,103.391304347826,109.44347826087,112.2,#676D70
1.365497445,103.9956669,141.735426008969,134.982062780269,127.390134529148,#8D867F
1.365497445,104.0096669,175.477732793522,187.619433198381,199.987854251012,#AFBBC7
1.365497445,104.0236669,135,164.208695652174,189.8,#87A4BD
1.365497445,104.0516669,164.363636363636,172.909090909091,176.909090909091,#A4ACB0
1.365497445,104.0656669,147,171,207,#93ABCF
1.369538899,103.6806667,141.941176470588,139.411764705882,139,#8D8B8B
1.369538899,103.6946668,146.881578947368,147.605263157895,152.763157894737,#929398
1.369538899,103.7086668,184.916666666667,191,181.291666666667,#B8BFB5
1.369538899,103.7226668,142.577235772358,146.170731707317,149.79674796748,#8E9295
1.369538899,103.7366668,183.028571428571,185.285714285714,185.257142857143,#B7B9B9
1.369538899,103.7506668,141.488095238095,140.744047619048,140.779761904762,#8D8C8C
1.369538899,103.7646668,164.962441314554,162.610328638498,157.093896713615,#A4A29D
1.369538899,103.7786668,108.038461538462,112.230769230769,104.104395604396,#6C7068
1.369538899,103.7926668,113.758064516129,120.741935483871,108.08064516129,#71786C
1.369538899,103.8066668,145.426136363636,143.494318181818,131.073863636364,#918F83
1.369538899,103.8206668,133.352631578947,135.973684210526,133.847368421053,#858785
1.369538899,103.8346668,174.139013452915,171.941704035874,166.708520179372,#AEABA6
1.369538899,103.8486668,142.407079646018,138.787610619469,133.619469026549,#8E8A85
1.369538899,103.8626668,132.335195530726,131.787709497207,127.765363128492,#84837F
1.369538899,103.8766668,173.515151515152,175.464646464646,173.954545454545,#ADAFAD
1.369538899,103.8906668,136.173515981735,138.054794520548,137.132420091324,#888A89
1.369538899,103.9046669,163.970443349754,165.325123152709,162.630541871921,#A3A5A2
1.369538899,103.9186669,182.1,183.7,172.3,#B6B7AC
1.369538899,103.9326669,133.086734693878,130.566326530612,127.09693877551,#85827F
1.369538899,103.9466669,149.089622641509,154.740566037736,141.264150943396,#959A8D
1.369538899,103.9606669,158.166666666667,157.852941176471,155.343137254902,#9E9D9B
1.369538899,103.9746669,159.152466367713,151.14798206278,144.645739910314,#9F9790
1.369538899,103.9886669,132.163636363636,133.636363636364,128.368181818182,#848580
1.369538899,104.0026669,116.111111111111,117.380341880342,108.34188034188,#74756C
1.369538899,104.0166669,140.688118811881,167.09900990099,190.648514851485,#8CA7BE
1.369538899,104.0446669,167.666666666667,176.916666666667,181.916666666667,#A7B0B5
1.369538899,104.0586669,147,171,207,#93ABCF
1.369538899,104.0726669,117,120.5,125.5,#75787D
1.373580353,103.6876668,165.448979591837,165.795918367347,169.857142857143,#A5A5A9
1.373580353,103.7016668,157.40625,160.421875,157.78125,#9DA09D
1.373580353,103.7156668,108.734375,107.421875,107.328125,#6C6B6B
1.373580353,103.7296668,156.133757961783,160.649681528662,162.375796178344,#9CA0A2
1.373580353,103.7436668,155.475308641975,159.388888888889,164.067901234568,#9B9FA4
1.373580353,103.7576668,169.340136054422,169.965986394558,171.136054421769,#A9A9AB
1.373580353,103.7716668,156.062801932367,159.053140096618,157.917874396135,#9C9F9D
1.373580353,103.7856668,111.663793103448,116.534482758621,103.913793103448,#6F7467
1.373580353,103.7996668,180.243243243243,181.054054054054,176.27027027027,#B4B5B0
1.373580353,103.8136668,138.026315789474,136.705263157895,124.773684210526,#8A887C
1.373580353,103.8276668,123.086294416244,121.020304568528,115.827411167513,#7B7973
1.373580353,103.8416668,143.607142857143,138.254464285714,129.973214285714,#8F8A81
1.373580353,103.8556668,151.511848341232,148.507109004739,142.810426540284,#97948E
1.373580353,103.8696668,166.020618556701,165.716494845361,154.061855670103,#A6A59A
1.373580353,103.8836668,173.136563876652,173.881057268722,170.519823788546,#ADADAA
1.373580353,103.8976668,167.948186528497,170.849740932642,170.512953367876,#A7AAAA
1.373580353,103.9116669,131.15,131.1,132.2,#838384
1.373580353,103.9256669,136.455,134.01,131.445,#888683
1.373580353,103.9396669,140.572972972973,136.978378378378,130.2,#8C8882
1.373580353,103.9536669,128.28855721393,130.681592039801,122.154228855721,#80827A
1.373580353,103.9676669,165.039800995025,162.706467661692,158.099502487562,#A5A29E
1.373580353,103.9816669,137.762886597938,147.40206185567,141.340206185567,#89938D
1.373580353,103.9956669,155.640495867769,171.111570247934,163.239669421488,#9BABA3
1.373580353,104.0096669,115.68085106383,114.591489361702,103.995744680851,#737267
1.373580353,104.0376669,213.714285714286,216.285714285714,218.857142857143,#D5D8DA
1.373580353,104.0516669,131.5,132,134,#838486
1.373580353,104.0656669,147,171,207,#93ABCF
1.373580353,104.0796669,118.571428571429,120.285714285714,120.857142857143,#767878
1.377621807,103.6806667,187.5,191,179.333333333333,#BBBFB3
1.377621807,103.6946668,197.878378378378,199.702702702703,202.594594594595,#C5C7CA
1.377621807,103.7086668,185.538461538462,191,181.692307692308,#B9BFB5
1.377621807,103.7226668,114.904761904762,116.566137566138,117.645502645503,#727475
1.377621807,103.7366668,157.700598802395,161.59880239521,162.634730538922,#9DA1A2
1.377621807,103.7506668,170.35761589404,171.331125827815,172.569536423841,#AAABAC
1.377621807,103.7646668,155.177914110429,159.656441717791,163.122699386503,#9B9FA3
1.377621807,103.7786668,143.475961538462,143.658653846154,139.581730769231,#8F8F8B
1.377621807,103.7926668,70.6,77.5,63.9,#464D3F
1.377621807,103.8066668,134.048611111111,131.680555555556,117.895833333333,#868375
1.377621807,103.8206668,70.9109947643979,69.3246073298429,67.0314136125655,#464543
1.377621807,103.8346668,134.136904761905,129.47619047619,122.047619047619,#86817A
1.377621807,103.8486668,143.240196078431,143.475490196078,139.71568627451,#8F8F8B
1.377621807,103.8626668,118.772093023256,114.074418604651,113.209302325581,#767271
1.377621807,103.8766668,177.662037037037,179.203703703704,177.125,#B1B3B1
1.377621807,103.8906668,134.094339622642,136.132075471698,137.584905660377,#868889
1.377621807,103.9046669,141.183574879227,140.811594202899,136.724637681159,#8D8C88
1.377621807,103.9186669,153.918918918919,168.297297297297,146.324324324324,#99A892
1.377621807,103.9326669,144.151960784314,141.852941176471,138.264705882353,#908D8A
1.377621807,103.9466669,122.833333333333,125.245098039216,115.127450980392,#7A7D73
1.377621807,103.9606669,140.989417989418,143.486772486772,137.804232804233,#8C8F89
1.377621807,103.9746669,145.432432432432,143.797297297297,141.256756756757,#918F8D
1.377621807,103.9886669,179.598290598291,182.897435897436,180.247863247863,#B3B6B4
1.377621807,104.0026669,118.004237288136,116.25,105.868644067797,#767469
1.377621807,104.0306669,145,146.4,148.4,#919294
1.377621807,104.0446669,254.5,254.5,254.5,#FEFEFE
1.377621807,104.0586669,147,171,207,#93ABCF
1.377621807,104.0726669,117,120.5,125.5,#75787D
1.38166326,103.6876668,223.116279069767,222.581395348837,221.837209302326,#DFDEDD
1.38166326,103.7016668,179.653846153846,185.769230769231,181.326923076923,#B3B9B5
1.38166326,103.7156668,112.586206896552,114.862068965517,103.896551724138,#707267
1.38166326,103.7296668,146.376288659794,146.644329896907,143.984536082474,#92928F
1.38166326,103.7436668,157.29696969697,161.109090909091,160.963636363636,#9DA1A0
1.38166326,103.7576668,176.751592356688,181.070063694268,182.949044585987,#B0B5B6
1.38166326,103.7716668,157.432835820896,158.671641791045,158.532338308458,#9D9E9E
1.38166326,103.7856668,139.555555555556,133.333333333333,119.555555555556,#8B8577
1.38166326,103.7996668,89.14,92.02,84.9,#595C54
1.38166326,103.8136668,102.766666666667,97.8,81.9083333333333,#666151
1.38166326,103.8276668,58.8666666666667,57.4727272727273,56.1454545454546,#3A3938
1.38166326,103.8416668,124.659217877095,126.36312849162,123.212290502793,#7C7E7B
1.38166326,103.8556668,134.963636363636,135.886363636364,133.022727272727,#868785
1.38166326,103.8696668,157.309523809524,156.690476190476,156.042857142857,#9D9C9C
1.38166326,103.8836668,155.235294117647,151.803921568627,147.063725490196,#9B9793
1.38166326,103.8976668,120.40099009901,119.465346534653,116.544554455446,#787774
1.38166326,103.9116669,160.225563909774,163.398496240602,165.015037593985,#A0A3A5
1.38166326,103.9256669,156.660130718954,162.16339869281,154.385620915033,#9CA29A
1.38166326,103.9396669,152.93488372093,154.297674418605,146.823255813954,#989A92
1.38166326,103.9536669,123.752475247525,124.608910891089,111.321782178218,#7B7C6F
1.38166326,103.9676669,109.565022421525,111.533632286996,111.130044843049,#6D6F6F
1.38166326,103.9816669,151.685714285714,154.171428571429,154.828571428571,#979A9A
1.38166326,103.9956669,189.134782608696,192.960869565217,194.765217391304,#BDC0C2
1.38166326,104.0236669,165.6,170.2,181.2,#A5AAB5
1.38166326,104.0376669,136.75,137.5,137.75,#888989
1.38166326,104.0516669,253,253,253,#FDFDFD
1.38166326,104.0796669,254,255,247,#FEFFF7
1.385704714,103.6806667,243,253,242,#F3FDF2
1.385704714,103.6946668,206.957746478873,210.112676056338,211.211267605634,#CED2D3
1.385704714,103.7086668,230,239,241,#E6EFF1
1.385704714,103.7226668,135.358333333333,134.141666666667,130.75,#878682
1.385704714,103.7366668,179.979310344828,181.055172413793,178.931034482759,#B3B5B2
1.385704714,103.7506668,160.16265060241,160.602409638554,159.006024096386,#A0A09F
1.385704714,103.7646668,155.797687861272,158.699421965318,161.364161849711,#9B9EA1
1.385704714,103.7786668,176.191176470588,168.191176470588,160.446078431373,#B0A8A0
1.385704714,103.7926668,69.9183673469388,75.7551020408163,62.4285714285714,#454B3E
1.385704714,103.8066668,107.882352941176,106.117647058824,98.5882352941177,#6B6A62
1.385704714,103.8206668,85.8888888888889,84.2444444444445,81.3388888888889,#555451
1.385704714,103.8346668,129.861842105263,127.421052631579,121.006578947368,#817F79
1.385704714,103.8486668,127.086734693878,134.112244897959,132.540816326531,#7F8684
1.385704714,103.8626668,158.109589041096,157.438356164384,150.08904109589,#9E9D96
1.385704714,103.8766668,160.712195121951,159.351219512195,157.639024390244,#A09F9D
1.385704714,103.8906668,118.061224489796,114.198979591837,109.061224489796,#76726D
1.385704714,103.9046669,142.13488372093,137.06976744186,132.655813953488,#8E8984
1.385704714,103.9186669,169.623115577889,172.939698492462,168.095477386935,#A9ACA8
1.385704714,103.9326669,179.647619047619,179.980952380952,177.138095238095,#B3B3B1
1.385704714,103.9466669,162.8779342723,165.957746478873,157.037558685446,#A2A59D
1.385704714,103.9606669,143.118483412322,148.483412322275,148.748815165877,#8F9494
1.385704714,103.9746669,109.530805687204,113.189573459716,112.976303317536,#6D7170
1.385704714,103.9886669,143.983805668016,152.206477732794,155.842105263158,#8F989B
1.385704714,104.0026669,154.219178082192,162.954337899543,171.922374429224,#9AA2AB
1.385704714,104.0306669,19,21,20,#131514
1.389746168,103.6876668,175.777777777778,183.037037037037,189.259259259259,#AFB7BD
1.389746168,103.7016668,203.333333333333,209.37037037037,208.407407407407,#CBD1D0
1.389746168,103.7156668,68.5454545454546,63.7272727272727,53.6363636363636,#443F35
1.389746168,103.7296668,148.913043478261,147.586956521739,143.521739130435,#94938F
1.389746168,103.7436668,157.396624472574,152.438818565401,149.135021097046,#9D9895
1.389746168,103.7576668,172.634482758621,173.4,174.151724137931,#ACADAE
1.389746168,103.7716668,136.715736040609,132.97461928934,128.761421319797,#888480
1.389746168,103.7856668,131.5,130,124.1875,#83827C
1.389746168,103.7996668,91.25,97.1029411764706,91.7794117647059,#5B615B
1.389746168,103.8136668,96.6849315068493,96.7397260273973,88.972602739726,#606058
1.389746168,103.8276668,144.846153846154,143.525641025641,140.948717948718,#908F8C
1.389746168,103.8416668,129.472826086957,126.5,121.527173913044,#817E79
1.389746168,103.8556668,125.971590909091,125.892045454545,119.085227272727,#7D7D77
1.389746168,103.8696668,174.475113122172,172.122171945701,170.93665158371,#AEACAA
1.389746168,103.8836668,80.8979591836735,86.5408163265306,71.4030612244898,#505647
1.389746168,103.8976668,146.972222222222,141.291666666667,131.282407407407,#928D83
1.389746168,103.9116669,175.938461538462,168.835897435897,153.569230769231,#AFA899
1.389746168,103.9256669,155.173076923077,159.754807692308,156.721153846154,#9B9F9C
1.389746168,103.9396669,166.134529147982,166.430493273543,161.318385650224,#A6A6A1
1.389746168,103.9816669,159.585365853659,164.613821138211,167.150406504065,#9FA4A7
1.389746168,103.9956669,145.971887550201,153.63453815261,157.345381526104,#91999D
1.389746168,104.0236669,148,164,180,#94A4B4
1.393787622,103.6806667,182,202,235,#B6CAEB
1.393787622,103.6946668,169.142857142857,175.057142857143,177.514285714286,#A9AFB1
1.393787622,103.7226668,115.8,127,117,#737F75
1.393787622,103.7366668,155.677551020408,150.326530612245,147.967346938776,#9B9693
1.393787622,103.7506668,146.543103448276,141.405172413793,139.318965517241,#928D8B
1.393787622,103.7646668,142.909090909091,146.198347107438,142.429752066116,#8E928E
1.393787622,103.7786668,116.127450980392,108.254901960784,101.980392156863,#746C65
1.393787622,103.7926668,120.094339622642,127.844339622642,120.867924528302,#787F78
1.393787622,103.8066668,144.657142857143,149.719047619048,144.847619047619,#909590
1.393787622,103.8206668,146.163793103448,144.163793103448,137.181034482759,#929089
1.393787622,103.8346668,125.325,116.19375,105.4875,#7D7469
1.393787622,103.8486668,121.892156862745,122.058823529412,115.147058823529,#797A73
1.393787622,103.8626668,156.833333333333,156.444444444444,152.347222222222,#9C9C98
1.393787622,103.8766668,162.42380952381,164.585714285714,158.528571428571,#A2A49E
1.393787622,103.8906668,103.306976744186,102.906976744186,83.2279069767442,#676653
1.393787622,103.9046669,155.37899543379,148.059360730594,131.13698630137,#9B9483
1.393787622,103.9186669,154.329896907217,153.567010309278,149.350515463918,#9A9995
1.393787622,103.9326669,161.647887323944,168.755868544601,160.267605633803,#A1A8A0
1.393787622,103.9466669,175.881081081081,178.113513513514,181.12972972973,#AFB2B5
1.393787622,103.9746669,111.211009174312,114,112,#6F7270
1.393787622,103.9886669,153.791164658635,161.497991967872,167.630522088353,#99A1A7
1.393787622,104.0166669,118.4,134,154,#76869A
1.393787622,104.0306669,23,25,24,#171918
1.393787622,104.0726669,54,75,118,#364B76
1.397829075,103.6876668,127.666666666667,135.583333333333,145,#7F8791
1.397829075,103.7016668,191.142857142857,190.857142857143,186.714285714286,#BFBEBA
1.397829075,103.7296668,211.411764705882,210.176470588235,199.705882352941,#D3D2C7
1.397829075,103.7436668,145.337606837607,140.239316239316,138.012820512821,#918C8A
1.397829075,103.7576668,187.866666666667,186.253333333333,183.78,#BBBAB7
1.397829075,103.7716668,100.264705882353,94.264705882353,89.8627450980392,#645E59
1.397829075,103.7856668,96.23,100.71,100.46,#606464
1.397829075,103.7996668,115.816326530612,117.647959183673,115.65306122449,#737573
1.397829075,103.8136668,149.089285714286,152.370535714286,143.928571428571,#95988F
1.397829075,103.8276668,139.448275862069,138.758620689655,133.206896551724,#8B8A85
1.397829075,103.8416668,101.156862745098,97.9411764705882,90.1764705882353,#65615A
1.397829075,103.8556668,96.1284403669725,98.2293577981651,85.1100917431193,#606255
1.397829075,103.8696668,149.515,153.045,145.275,#959991
1.397829075,103.8836668,82.325,89.625,73.19,#525949
1.397829075,103.8976668,161.463302752294,157.206422018349,147.623853211009,#A19D93
1.397829075,103.9116669,150.744075829384,142.497630331754,128.810426540284,#968E80
1.397829075,103.9256669,161.529147982063,167.031390134529,163.627802690583,#A1A7A3
1.397829075,103.9396669,169.45,172.875,173.425,#A9ACAD
1.397829075,103.9536669,188.759036144578,190.903614457831,189.855421686747,#BCBEBD
1.397829075,103.9676669,156.108695652174,158.952173913043,161.24347826087,#9C9EA1
1.397829075,104.0236669,139,140,139.5,#8B8C8B
1.397829075,104.0376669,233,238,244,#E9EEF4
1.397829075,104.0656669,185,180,176,#B9B4B0
1.397829075,104.0796669,123,125.5,139,#7B7D8B
1.401870529,103.6946668,194.25,194.25,192.25,#C2C2C0
1.401870529,103.7086668,13.6666666666667,14.3333333333333,13.6666666666667,#0D0E0D
1.401870529,103.7226668,61,41,43,#3D292B
1.401870529,103.7366668,144.863247863248,140.529914529915,131.760683760684,#908C83
1.401870529,103.7506668,154.328282828283,150,144.020202020202,#9A9690
1.401870529,103.7646668,159.625,157.75,161,#9F9DA1
1.401870529,103.7786668,93.1860465116279,94.25,93.7848837209302,#5D5E5D
1.401870529,103.7926668,94.97,99.235,96.33,#5E6360
1.401870529,103.8066668,151.718309859155,156.192488262911,151.605633802817,#979C97
1.401870529,103.8206668,151.857142857143,150.695652173913,142.534161490683,#97968E
1.401870529,103.8346668,120.17032967033,121.43956043956,121.741758241758,#787979
1.401870529,103.8486668,104.761904761905,105.047619047619,104.952380952381,#686968
1.401870529,103.8626668,161.36,164.977142857143,164.977142857143,#A1A4A4
1.401870529,103.8766668,152.807339449541,156.151376146789,149.54128440367,#989C95
1.401870529,103.8906668,105.446511627907,105.832558139535,86.6093023255814,#696956
1.401870529,103.9046669,148.609865470852,149,145.627802690583,#949591
1.401870529,103.9186669,142.935483870968,142.009216589862,138.21198156682,#8E8E8A
1.401870529,103.9326669,159.995726495727,168.397435897436,159.264957264957,#9FA89F
1.401870529,103.9466669,130.23275862069,126.344827586207,125.637931034483,#827E7D
1.401870529,103.9606669,142.635593220339,143.008474576271,139.427966101695,#8E8F8B
1.401870529,103.9746669,171.59649122807,174.802631578947,176.767543859649,#ABAEB0
1.401870529,103.9886669,141.114537444934,146.140969162996,147.995594713656,#8D9293
1.401870529,104.0026669,153,160,164.666666666667,#99A0A4
1.401870529,104.0166669,150,162.666666666667,175.666666666667,#96A2AF
1.401870529,104.0306669,182.40350877193,181.578947368421,183.421052631579,#B6B5B7
1.401870529,104.0586669,170.2,166.6,158.4,#AAA69E
1.401870529,104.0726669,123,125.5,139,#7B7D8B
1.401870529,104.0866669,192,176,160,#C0B0A0
1.405911983,103.6596667,218.666666666667,231,243,#DAE7F3
1.405911983,103.7016668,27,28,22,#1B1C16
1.405911983,103.7156668,7,7.5,9.5,#070709
1.405911983,103.7296668,129.6,158,132.6,#819E84
1.405911983,103.7436668,155.207317073171,153.079268292683,144.609756097561,#9B9990
1.405911983,103.7576668,180.17,183.97,177.89,#B4B7B1
1.405911983,103.7716668,131.415094339623,132.915094339623,128.877358490566,#838480
1.405911983,103.7856668,116.587939698492,121.904522613065,120.231155778895,#747978
1.405911983,103.7996668,101.072164948454,104.40206185567,102.520618556701,#656866
1.405911983,103.8136668,168.63829787234,172.324468085106,167.808510638298,#A8ACA7
1.405911983,103.8276668,125.965174129353,129.791044776119,132.542288557214,#7D8184
1.405911983,103.8416668,165.101123595506,165.415730337079,153.005617977528,#A5A599
1.405911983,103.8556668,130.107142857143,134.482142857143,125,#82867D
1.405911983,103.8696668,148.815,151.23,150.135,#949796
1.405911983,103.8836668,184.044052863436,186.806167400881,185.550660792952,#B8BAB9
1.405911983,103.8976668,161.966183574879,164.541062801932,164.966183574879,#A1A4A4
1.405911983,103.9116669,144.991111111111,143.346666666667,139.791111111111,#908F8B
1.405911983,103.9256669,154.22972972973,159.468468468468,153.324324324324,#9A9F99
1.405911983,103.9536669,164.03664921466,169.418848167539,163.115183246073,#A4A9A3
1.405911983,103.9676669,169.035555555556,172.111111111111,173.844444444444,#A9ACAD
1.405911983,103.9816669,146.327102803738,145.401869158879,142.663551401869,#92918E
1.405911983,103.9956669,141.586046511628,148.074418604651,151.818604651163,#8D9497
1.405911983,104.0236669,181.286956521739,180.408695652174,182.24347826087,#B5B4B6
1.405911983,104.0376669,191.237288135593,188.135593220339,190.135593220339,#BFBCBE
1.405911983,104.0516669,219.666666666667,215,202,#DBD7CA
1.405911983,104.0656669,149,147.666666666667,147,#959393
1.405911983,104.0796669,192,176,160,#C0B0A0
1.409953437,103.6666667,148,186,223,#94BADF
1.409953437,103.7086668,61,72,59.5,#3D483B
1.409953437,103.7226668,170.941176470588,184.235294117647,174.352941176471,#AAB8AE
1.409953437,103.7366668,180.090909090909,187.818181818182,191.636363636364,#B4BBBF
1.409953437,103.7506668,178.962962962963,181.833333333333,177.092592592593,#B2B5B1
1.409953437,103.7646668,155.566666666667,156.733333333333,150.8,#9B9C96
1.409953437,103.7786668,132.073033707865,131.365168539326,129.258426966292,#848381
1.409953437,103.7926668,98.8105263157895,103.215789473684,100.242105263158,#626764
1.409953437,103.8066668,151.013333333333,154.7,154.126666666667,#979A9A
1.409953437,103.8206668,160.841463414634,161.914634146341,156.19512195122,#A0A19C
1.409953437,103.8346668,130.025125628141,130.120603015075,131.502512562814,#828283
1.409953437,103.8486668,170.917098445596,171.321243523316,156.849740932642,#AAAB9C
1.409953437,103.8626668,146.883977900552,146.635359116022,140.883977900553,#92928C
1.409953437,103.8766668,161.227722772277,161.613861386139,157.668316831683,#A1A19D
1.409953437,103.8906668,170.297752808989,174.61797752809,173.106741573034,#AAAEAD
1.409953437,103.9046669,162.610837438424,166.541871921182,168.044334975369,#A2A6A8
1.409953437,103.9186669,143.244444444444,146.435555555556,141.217777777778,#8F928D
1.409953437,103.9466669,155.911627906977,158.186046511628,150.795348837209,#9B9E96
1.409953437,103.9606669,169.510416666667,174.666666666667,167.958333333333,#A9AEA7
1.409953437,103.9746669,159.497630331754,158.170616113744,153.928909952607,#9F9E99
1.409953437,103.9886669,130.798206278027,136.681614349776,139.103139013453,#82888B
1.409953437,104.0026669,142.090909090909,157.818181818182,166.727272727273,#8E9DA6
1.409953437,104.0166669,94,97.5,99.75,#5E6163
1.409953437,104.0306669,183.814159292035,182.964601769912,184.83185840708,#B7B6B8
1.409953437,104.0586669,166.5,163.25,154,#A6A39A
1.41399489,103.7016668,90.0681818181818,93.4090909090909,83.2272727272727,#5A5D53
1.41399489,103.7156668,162.558620689655,171.144827586207,162.434482758621,#A2ABA2
1.41399489,103.7296668,161.540540540541,171.405405405405,158.067567567568,#A1AB9E
1.41399489,103.7436668,167.583333333333,174.666666666667,172.958333333333,#A7AEAC
1.41399489,103.7576668,180.11004784689,182.736842105263,183.521531100478,#B4B6B7
1.41399489,103.7716668,135.197183098592,135.056338028169,134.352112676056,#878786
1.41399489,103.7856668,102.944444444444,103.152777777778,99.0462962962963,#666763
1.41399489,103.7996668,124.466666666667,124.633333333333,120.516666666667,#7C7C78
1.41399489,103.8136668,173.153846153846,174.442307692308,171.653846153846,#ADAEAB
1.41399489,103.8276668,131.092682926829,133.780487804878,134.082926829268,#838586
1.41399489,103.8416668,123.752427184466,118.349514563107,112.655339805825,#7B7670
1.41399489,103.8556668,119.630434782609,123.304347826087,111.978260869565,#777B6F
1.41399489,103.8696668,145.841025641026,146.702564102564,144.507692307692,#919290
1.41399489,103.8976668,168.010471204189,171.162303664921,172.717277486911,#A8ABAC
1.41399489,103.9116669,162.72,167.31,168.12,#A2A7A8
1.41399489,103.9256669,147.209090909091,149.309090909091,147.304545454545,#939593
1.41399489,103.9396669,170.807453416149,174.695652173913,173.832298136646,#AAAEAD
1.41399489,103.9536669,166.371134020619,171.010309278351,164.536082474227,#A6ABA4
1.41399489,103.9676669,186.982905982906,190.264957264957,189.75641025641,#BABEBD
1.41399489,103.9816669,160.392694063927,161.420091324201,160.433789954338,#A0A1A0
1.41399489,103.9956669,153.146788990826,160.628440366972,164.435779816514,#99A0A4
1.41399489,104.0096669,172,184.5,199,#ACB8C7
1.41399489,104.0236669,117,120.4,123.2,#75787B
1.41399489,104.0376669,108,94,85,#6C5E55
1.41399489,104.0516669,202,195,175.5,#CAC3AF
1.418036344,103.6946668,173.142857142857,182,161.857142857143,#ADB6A1
1.418036344,103.7086668,133.069230769231,138.692307692308,131.484615384615,#858A83
1.418036344,103.7226668,184.582089552239,190.099502487562,177.507462686567,#B8BEB1
1.418036344,103.7366668,159.311111111111,171.977777777778,161.933333333333,#9FABA1
1.418036344,103.7506668,181.775119617225,184.148325358852,183.985645933014,#B5B8B7
1.418036344,103.7646668,169.004975124378,167.761194029851,169.089552238806,#A9A7A9
1.418036344,103.7786668,150.618421052632,146.276315789474,146.605263157895,#969292
1.418036344,103.7926668,114.291845493562,116.969957081545,107.888412017167,#72746B
1.418036344,103.8066668,148.983050847458,149,146.610169491525,#949592
1.418036344,103.8206668,148.737804878049,149.756097560976,146.719512195122,#949592
1.418036344,103.8346668,143.575757575758,144.676767676768,144.661616161616,#8F9090
1.418036344,103.8486668,175.183168316832,174.618811881188,165.371287128713,#AFAEA5
1.418036344,103.8626668,149.616113744076,151.900473933649,153.734597156398,#959799
1.418036344,103.8766668,159.152777777778,160.319444444444,144.743055555556,#9FA090
1.418036344,103.8906668,160.470588235294,164.647058823529,165.970588235294,#A0A4A5
1.418036344,103.9046669,164.442307692308,170.875,173.706730769231,#A4AAAD
1.418036344,103.9186669,159.552511415525,162.762557077626,159.876712328767,#9FA29F
1.418036344,103.9326669,157.611111111111,158.588888888889,158.177777777778,#9D9E9E
1.418036344,103.9606669,180.563829787234,185.132978723404,186.882978723404,#B4B9BA
1.418036344,103.9746669,180.530516431925,184.032863849765,183.521126760563,#B4B8B7
1.418036344,103.9886669,173.902777777778,174.032407407407,170.032407407407,#ADAEAA
1.418036344,104.0166669,40.3333333333333,45,48,#282D30
1.418036344,104.0446669,108,94,85,#6C5E55
1.422077798,103.6736667,254,254,252,#FEFEFC
1.422077798,103.6876668,255,255,255,#FFFFFF
1.422077798,103.7016668,110.828571428571,112.571428571429,106.3,#6E706A
1.422077798,103.7156668,159.387096774194,167.896774193548,160.032258064516,#9FA7A0
1.422077798,103.7296668,191.173913043478,196.745341614907,182.32298136646,#BFC4B6
1.422077798,103.7436668,197.333333333333,206.285714285714,208.142857142857,#C5CED0
1.422077798,103.7576668,185.415300546448,182.617486338798,184.125683060109,#B9B6B8
1.422077798,103.7716668,137.494117647059,137.170588235294,134.588235294118,#898986
1.422077798,103.7856668,151.903743315508,147.326203208556,137.048128342246,#979389
1.422077798,103.7996668,160.22972972973,163.891891891892,152.081081081081,#A0A398
1.422077798,103.8136668,184.5,125,133.25,#B87D85
1.422077798,103.8276668,164.292817679558,164.259668508287,160.646408839779,#A4A4A0
1.422077798,103.8416668,172.048192771084,171.397590361446,169.765060240964,#ACABA9
1.422077798,103.8556668,166.66814159292,170.216814159292,171.486725663717,#A6AAAB
1.422077798,103.8696668,169.762790697674,171.539534883721,167.004651162791,#A9ABA7
1.422077798,103.8836668,147.578947368421,151.88995215311,125.062200956938,#93977D
1.422077798,103.8976668,161.040201005025,165.110552763819,160.844221105528,#A1A5A0
1.422077798,103.9116669,155.660550458716,162.178899082569,160.298165137615,#9BA2A0
1.422077798,103.9256669,141.826530612245,145.316326530612,149.510204081633,#8D9195
1.422077798,103.9396669,130.237288135593,131.677966101695,132.050847457627,#828384
1.422077798,103.9536669,146.962962962963,149.333333333333,148.87037037037,#929594
1.422077798,103.9676669,187.644736842105,192.473684210526,195.276315789474,#BBC0C3
1.422077798,103.9816669,167.87037037037,172.685185185185,173.685185185185,#A7ACAD
1.422077798,103.9956669,139.9375,148.4375,153.6875,#8B9499
1.422077798,104.0096669,105.333333333333,106,106.666666666667,#696A6A
1.422077798,104.0236669,80,96,96,#506060
1.422077798,104.0376669,108,94,85,#6C5E55
1.426119252,103.6806667,26,27,21,#1A1B15
1.426119252,103.6946668,188.666666666667,192,180.5,#BCC0B4
1.426119252,103.7086668,114.861538461538,115.584615384615,112.430769230769,#727370
1.426119252,103.7226668,191.954838709677,195.696774193548,185.8,#BFC3B9
1.426119252,103.7366668,186.263157894737,198.947368421053,193.894736842105,#BAC6C1
1.426119252,103.7506668,190.641509433962,193.88679245283,190.301886792453,#BEC1BE
1.426119252,103.7646668,148.939393939394,145.709090909091,146.672727272727,#949192
1.426119252,103.7786668,140.895833333333,143.984375,136.661458333333,#8C8F88
1.426119252,103.7926668,233.505154639175,230.907216494845,224.432989690722,#E9E6E0
1.426119252,103.8066668,200.375,199.25,188.625,#C8C7BC
1.426119252,103.8206668,164.489583333333,158.791666666667,153.75,#A49E99
1.426119252,103.8346668,167.804545454545,161.313636363636,153.75,#A7A199
1.426119252,103.8486668,138.489361702128,132.655319148936,126.357446808511,#8A847E
1.426119252,103.8626668,169.694690265487,172.823008849558,174.176991150443,#A9ACAE
1.426119252,103.8766668,143.519337016575,148.005524861878,116.502762430939,#8F9474
1.426119252,103.8906668,164.375,168.703125,154.34375,#A4A89A
1.426119252,103.9326669,147.686046511628,151.697674418605,155.418604651163,#93979B
1.426119252,103.9466669,117.666666666667,120.958333333333,122.625,#75787A
1.426119252,104.0166669,30.5,33,34.5,#1E2122
1.426119252,104.0306669,57,61,64,#393D40
1.430160706,103.6876668,102,104,103.5,#666867
1.430160706,103.7016668,145.744588744589,144.722943722944,145.948051948052,#919091
1.430160706,103.7156668,122.542483660131,123.686274509804,121.856209150327,#7A7B79
1.430160706,103.7296668,207.87,210.78,196.15,#CFD2C4
1.430160706,103.7436668,151.92,157.56,155.84,#979D9B
1.430160706,103.7576668,197.715151515152,198.515151515152,194.854545454545,#C5C6C2
1.430160706,103.7716668,143.569948186529,147.844559585492,140.072538860104,#8F938C
1.430160706,103.7856668,200.208333333333,198.958333333333,197.071428571429,#C8C6C5
1.430160706,103.7996668,184.831683168317,185.539603960396,182.559405940594,#B8B9B6
1.430160706,103.8136668,147.333333333333,149.666666666667,122,#93957A
1.430160706,103.8276668,172.645,166.885,158.375,#ACA69E
1.430160706,103.8416668,170.528888888889,166.635555555556,156.893333333333,#AAA69C
1.430160706,103.8556668,174.839622641509,172.669811320755,167.396226415094,#AEACA7
1.430160706,103.8696668,180.75,182.194444444444,179.277777777778,#B4B6B3
1.430160706,103.8836668,144.798816568047,149.331360946746,120.804733727811,#909578
1.430160706,103.9396669,132.791666666667,137.75,142.333333333333,#84898E
1.430160706,104.0096669,105.333333333333,106,106.666666666667,#696A6A
1.430160706,104.0376669,57,61,64,#393D40
1.434202159,103.6806667,102,104,103.5,#666867
1.434202159,103.6946668,143.377118644068,142.368644067797,143.588983050847,#8F8E8F
1.434202159,103.7086668,132.834061135371,132.720524017467,132.606986899563,#848484
1.434202159,103.7226668,155.620689655172,156.034482758621,152.068965517241,#9B9C98
1.434202159,103.7366668,136.62962962963,146.148148148148,145.41975308642,#889291
1.434202159,103.7506668,137.655913978495,138.967741935484,140.440860215054,#898A8C
1.434202159,103.7646668,161.73023255814,160.190697674419,155.962790697674,#A1A09B
1.434202159,103.7786668,171.495614035088,171.021929824561,164.771929824561,#ABABA4
1.434202159,103.7926668,185.404624277457,184.06936416185,183.14450867052,#B9B8B7
1.434202159,103.8066668,139.39512195122,140.907317073171,137.253658536585,#8B8C89
1.434202159,103.8206668,169.802030456853,165.228426395939,159.395939086294,#A9A59F
1.434202159,103.8346668,167.261467889908,163.747706422018,155.692660550459,#A7A39B
1.434202159,103.8486668,161.540816326531,156.05612244898,145.382653061224,#A19C91
1.434202159,103.8626668,11,11,13,#0B0B0D
1.434202159,103.8766668,157.714285714286,159.928571428571,148.5,#9D9F94
1.434202159,104.0166669,21,22,26,#15161A
1.434202159,104.0306669,57,61,64,#393D40
1.438243613,103.6876668,102,104,103.5,#666867
1.438243613,103.7016668,146.345991561181,145.227848101266,145.679324894515,#929191
1.438243613,103.7156668,162.882352941176,166.823529411765,167.235294117647,#A2A6A7
1.438243613,103.7296668,136.93665158371,142.357466063348,135.398190045249,#888E87
1.438243613,103.7436668,155.124137931034,161.468965517241,162.689655172414,#9BA1A2
1.438243613,103.7576668,171.199152542373,170.546610169492,167.156779661017,#ABAAA7
1.438243613,103.7716668,141.55,142.195454545455,137.963636363636,#8D8E89
1.438243613,103.7856668,155.660869565217,154.708695652174,152.473913043478,#9B9A98
1.438243613,103.7996668,163.829145728643,167.160804020101,161.994974874372,#A3A7A1
1.438243613,103.8136668,155.695,155.72,150.87,#9B9B96
1.438243613,103.8416668,153.942196531792,151.254335260116,141.71098265896,#99978D
1.438243613,103.8556668,211.235294117647,212.647058823529,210.764705882353,#D3D4D2
1.438243613,103.8696668,162,205.333333333333,196.333333333333,#A2CDC4
1.438243613,104.0236669,109.5,113,121,#6D7179
1.438243613,104.0376669,144.5,130.5,113,#908271
1.438243613,104.0656669,25,23,24,#191718
1.442285067,103.7086668,145.453608247423,145.479381443299,143.788659793814,#91918F
1.442285067,103.7226668,131.837962962963,133.861111111111,123.296296296296,#83857B
1.442285067,103.7366668,142.169811320755,149.462264150943,146.542452830189,#8E9592
1.442285067,103.7506668,127.632183908046,128.298850574713,128,#7F8080
1.442285067,103.7646668,143.269058295964,141.959641255605,141.156950672646,#8F8D8D
1.442285067,103.7786668,88.5761904761905,86.4761904761905,84.0714285714286,#585654
1.442285067,103.7926668,138.745454545455,142.045454545455,133.440909090909,#8A8E85
1.442285067,103.8066668,155.459016393443,155.945355191257,152.420765027322,#9B9B98
1.442285067,103.8206668,139.652849740933,139.512953367876,136.098445595855,#8B8B88
1.442285067,103.8346668,145.184357541899,143.039106145251,136.491620111732,#918F88
1.442285067,103.8486668,163.820754716981,158.018867924528,153.490566037736,#A39E99
1.442285067,103.8626668,200.272727272727,213.272727272727,210.090909090909,#C8D5D2
1.442285067,104.0306669,215,202,189,#D7CABD
1.446326521,103.7016668,144.53431372549,144.421568627451,143.308823529412,#90908F
1.446326521,103.7156668,134.245989304813,135.732620320856,129.465240641711,#868781
1.446326521,103.7296668,152.888372093023,155.920930232558,150.13488372093,#989B96
1.446326521,103.7436668,160.466101694915,163.593220338983,159.169491525424,#A0A39F
1.446326521,103.7576668,144.730337078652,140.494382022472,134.269662921348,#908C86
1.446326521,103.7716668,91.1890547263682,89.3930348258706,88.771144278607,#5B5958
1.446326521,103.7856668,105.084210526316,107.984210526316,97.4789473684211,#696B61
1.446326521,103.7996668,175.28813559322,175.491525423729,173.435028248588,#AFAFAD
1.446326521,103.8136668,148.575757575758,148.878787878788,146.737373737374,#949492
1.446326521,103.8276668,149.707865168539,149.814606741573,146.994382022472,#959592
1.446326521,103.8416668,150.631578947368,143.378947368421,137.715789473684,#968F89
1.446326521,103.8556668,180.777777777778,182.888888888889,181.666666666667,#B4B6B5
1.446326521,103.8696668,163.571428571429,181.857142857143,177,#A3B5B1
1.450367974,103.7086668,140.668449197861,140.379679144385,138.139037433155,#8C8C8A
1.450367974,103.7226668,136.434579439252,140.336448598131,131.738317757009,#888C83
1.450367974,103.7786668,65.5735294117647,64.7450980392157,63.0833333333333,#41403F
1.450367974,103.7926668,150.851485148515,152.40099009901,148.069306930693,#969894
1.450367974,103.8066668,159.693069306931,164.5,164.20297029703,#9FA4A4
1.450367974,103.8206668,135.820512820513,134.707692307692,134.769230769231,#878686
1.450367974,103.8346668,189.292929292929,189.171717171717,186.616161616162,#BDBDBA
1.450367974,103.8486668,185.888888888889,187.555555555556,184.777777777778,#B9BBB8
1.450367974,103.8626668,242,254,254,#F2FEFE
1.454409428,103.7156668,173.272727272727,176.181818181818,162.227272727273,#ADB0A2
1.454409428,103.7296668,138.985294117647,143.921568627451,141.063725490196,#8A8F8D
1.454409428,103.7716668,68.3351648351648,68.7857142857143,70.1483516483517,#444446
1.454409428,103.7856668,115.611872146119,122.657534246575,111.48401826484,#737A6F
1.454409428,103.7996668,153.458823529412,156.376470588235,159.647058823529,#999C9F
1.454409428,103.8136668,134.061320754717,138.419811320755,141.584905660377,#868A8D
1.454409428,103.8276668,176.804878048781,177.878048780488,175.178861788618,#B0B1AF
1.454409428,103.8416668,136.703125,136.364583333333,139.239583333333,#88888B
1.454409428,103.8556668,159.090909090909,161.363636363636,160.272727272727,#9FA1A0
1.458450882,103.7926668,156.648648648649,159.216216216216,159.594594594595,#9C9F9F
1.458450882,103.8066668,142.19298245614,144.543859649123,147.508771929825,#8E9093
1.458450882,103.8206668,137.077464788732,137.161971830986,138.246478873239,#89898A
1.458450882,103.8346668,127.640909090909,130.609090909091,128.936363636364,#7F8280
1.458450882,103.8486668,161.756756756757,164.324324324324,165.972972972973,#A1A4A5
1.462492336,103.7856668,154.823529411765,152.764705882353,154.294117647059,#9A989A
1.462492336,103.7996668,153.538461538462,142.346153846154,146.269230769231,#998E92
1.462492336,103.8136668,118.543689320388,123.116504854369,121.339805825243,#767B79
1.462492336,103.8276668,169.47,175.8,168.39,#A9AFA8
1.462492336,103.8416668,122.065727699531,125.370892018779,124.62441314554,#7A7D7C
1.466533789,103.7926668,106,127,170,#6A7FAA
1.466533789,103.8066668,108.739130434783,110.811594202899,109.927536231884,#6C6E6D
1.466533789,103.8206668,130.561403508772,133.40350877193,138.771929824561,#82858A
1.466533789,103.8346668,125.108597285068,128.149321266968,126.705882352941,#7D807E
1.470575243,103.7996668,106,127,170,#6A7FAA
1.470575243,103.8136668,101.333333333333,109.066666666667,107.666666666667,#656D6B
1.470575243,103.8276668,169.318181818182,175.772727272727,181,#A9AFB5
