Lat,Lon,N.Blue,N.Cyan,N.Yellow,N.Red,N.Green,N.Magenta,N.Total
1.159383303,103.7366668,0.263,0.368,0.316,0.053,0,0,19
1.163424757,103.7436668,0.278,0.333,0.333,0.056,0,0,18
1.167466211,103.7366668,0,0,1,0,0,0,1
1.191714933,103.7366668,0,0,1,0,0,0,1
1.191714933,103.7646668,0.588,0.353,0.059,0,0,0,17
1.191714933,103.7786668,1,0,0,0,0,0,1
1.195756387,103.7576668,0.074,0.105,0.653,0.147,0.011,0.011,95
1.199797841,103.7086668,0.25,0.75,0,0,0,0,8
1.199797841,103.7646668,0.082,0.113,0.649,0.144,0,0.01,97
1.203839294,103.7576668,0.074,0.105,0.653,0.147,0.011,0.011,95
1.203839294,103.7716668,0.207,0.586,0.172,0,0.034,0,29
1.203839294,103.7996668,0,1,0,0,0,0,1
1.207880748,103.6386667,0,1,0,0,0,0,1
1.207880748,103.7226668,0,0,1,0,0,0,1
1.207880748,103.7646668,0.194,0.306,0.333,0.083,0.083,0,36
1.207880748,103.7786668,0.231,0.654,0.077,0,0.038,0,26
1.211922202,103.6316667,0,1,0,0,0,0,1
1.211922202,103.7296668,0,0,1,0,0,0,1
1.211922202,103.7576668,0.148,0.418,0.287,0.049,0.09,0.008,122
1.211922202,103.7716668,0.259,0.593,0.111,0,0.037,0,27
1.211922202,103.7856668,0,0.231,0.538,0.077,0.154,0,13
1.215963656,103.6386667,0,1,0,0,0,0,1
1.215963656,103.7226668,0,0,1,0,0,0,1
1.215963656,103.8346668,0.165,0.306,0.318,0.188,0.024,0,85
1.215963656,103.8486668,0.315,0.194,0.315,0.139,0.037,0,108
1.22000511,103.6736667,1,0,0,0,0,0,1
1.22000511,103.7576668,0.215,0.43,0.266,0.038,0.038,0.013,79
1.22000511,103.8416668,0.171,0.426,0.256,0.101,0.031,0.016,129
1.22000511,103.8556668,0.277,0.328,0.27,0.066,0.058,0,137
1.224046563,103.6666667,1,0,0,0,0,0,2
1.224046563,103.7506668,0.051,0.254,0.475,0.102,0.119,0,59
1.224046563,103.7646668,0,0.5,0.5,0,0,0,2
1.224046563,103.7786668,0.4,0.4,0.2,0,0,0,5
1.224046563,103.8486668,0.131,0.475,0.254,0.107,0.016,0.016,122
1.224046563,103.8626668,0.241,0.312,0.223,0.08,0.143,0,112
1.228088017,103.6176667,1,0,0,0,0,0,1
1.228088017,103.6736667,1,0,0,0,0,0,1
1.228088017,103.7436668,0.067,0.25,0.467,0.1,0.117,0,60
1.228088017,103.7576668,0.2,0.4,0.4,0,0,0,5
1.228088017,103.7716668,0.273,0.455,0,0.273,0,0,11
1.228088017,103.8416668,0.172,0.414,0.258,0.125,0.016,0.016,128
1.228088017,103.8556668,0.161,0.202,0.411,0.194,0.024,0.008,124
1.232129471,103.6106667,1,0,0,0,0,0,1
1.232129471,103.6246667,1,0,0,0,0,0,1
1.232129471,103.6666667,1,0,0,0,0,0,1
1.232129471,103.7366668,0.333,0.667,0,0,0,0,3
1.232129471,103.7646668,0.167,0.667,0,0,0.167,0,6
1.232129471,103.7786668,0.25,0.25,0.125,0.375,0,0,8
1.232129471,103.8346668,0.241,0.207,0.31,0.207,0,0.034,29
1.232129471,103.8486668,0.178,0.163,0.442,0.202,0.008,0.008,129
1.232129471,103.8626668,0.148,0.148,0.259,0,0.444,0,27
1.236170925,103.6176667,1,0,0,0,0,0,1
1.236170925,103.6456667,0.333,0.667,0,0,0,0,3
1.236170925,103.7436668,0.5,0.5,0,0,0,0,2
1.236170925,103.7716668,0.111,0.444,0,0.333,0.111,0,9
1.236170925,103.8276668,0.035,0.365,0.412,0.176,0,0.012,85
1.236170925,103.8416668,0.27,0.169,0.303,0.236,0,0.022,89
1.236170925,103.8556668,0.089,0.067,0.556,0.267,0.011,0.011,90
1.240212378,103.6526667,0.333,0.667,0,0,0,0,3
1.240212378,103.7646668,0,0.667,0.167,0,0.167,0,6
1.240212378,103.8346668,0.081,0.283,0.404,0.192,0.01,0.03,99
1.240212378,103.8486668,0.217,0.37,0.174,0.152,0.087,0,46
1.244253832,103.6736667,0,1,0,0,0,0,1
1.244253832,103.8276668,0.221,0.242,0.368,0.137,0.021,0.011,95
1.244253832,103.8416668,0.253,0.253,0.291,0.127,0.025,0.051,79
1.244253832,103.8556668,0.133,0.667,0.133,0,0.067,0,15
1.248295286,103.6106667,0.714,0,0.286,0,0,0,7
1.248295286,103.6666667,0,1,0,0,0,0,1
1.248295286,103.6806667,0,1,0,0,0,0,1
1.248295286,103.8206668,0.17,0.434,0.226,0.094,0.019,0.057,53
1.248295286,103.8346668,0.192,0.179,0.282,0.282,0.026,0.038,78
1.248295286,103.8486668,0.186,0.257,0.286,0.229,0,0.043,70
1.25233674,103.6036667,0.714,0,0.286,0,0,0,7
1.25233674,103.6176667,1,0,0,0,0,0,1
1.25233674,103.6736667,0,1,0,0,0,0,1
1.25233674,103.7016668,0.333,0,0,0.667,0,0,3
1.25233674,103.7856668,0,0,0,0.5,0,0.5,2
1.25233674,103.8136668,0.415,0.293,0.195,0.085,0.012,0,82
1.25233674,103.8276668,0.194,0.194,0.242,0.258,0.048,0.065,62
1.25233674,103.8416668,0.2,0.2,0.347,0.187,0,0.067,75
1.256378193,103.6106667,0.8,0,0.2,0,0,0,10
1.256378193,103.6946668,0.333,0,0,0.667,0,0,3
1.256378193,103.7086668,0.333,0,0,0.667,0,0,3
1.256378193,103.8066668,0.505,0.269,0.172,0.022,0.032,0,93
1.256378193,103.8206668,0.266,0.406,0.141,0.125,0.016,0.047,64
1.256378193,103.8346668,0.243,0.114,0.3,0.3,0.029,0.014,70
1.256378193,103.8486668,0.353,0.588,0.059,0,0,0,17
1.260419647,103.6036667,1,0,0,0,0,0,2
1.260419647,103.6176667,0.667,0,0.333,0,0,0,3
1.260419647,103.6316667,0,0.5,0.5,0,0,0,2
1.260419647,103.7016668,0.333,0,0,0.667,0,0,3
1.260419647,103.7856668,0.5,0.5,0,0,0,0,2
1.260419647,103.8136668,0.436,0.356,0.099,0.089,0.01,0.01,101
1.260419647,103.8276668,0.154,0.231,0.354,0.2,0.015,0.046,65
1.260419647,103.8416668,0.261,0.174,0.478,0.087,0,0,23
1.260419647,103.8556668,0.219,0.516,0.203,0.062,0,0,64
1.264461101,103.6106667,1,0,0,0,0,0,2
1.264461101,103.6246667,0.333,0.333,0.25,0,0.083,0,12
1.264461101,103.7926668,0.286,0.257,0.229,0.229,0,0,35
1.264461101,103.8066668,0.219,0.104,0.427,0.156,0.062,0.031,96
1.264461101,103.8206668,0.333,0.256,0.178,0.189,0.022,0.022,90
1.264461101,103.8346668,0.258,0.242,0.212,0.167,0.076,0.045,66
1.264461101,103.8486668,0.375,0.292,0.25,0.042,0,0.042,24
1.264461101,103.8626668,0.343,0.304,0.206,0.147,0,0,102
1.268502555,103.6176667,0.538,0.231,0.154,0,0.077,0,13
1.268502555,103.6316667,0.444,0.444,0.111,0,0,0,9
1.268502555,103.7716668,0,0.333,0.667,0,0,0,3
1.268502555,103.7996668,0.245,0.136,0.391,0.155,0.055,0.018,110
1.268502555,103.8136668,0.356,0.233,0.233,0.096,0.041,0.041,73
1.268502555,103.8276668,0.385,0.141,0.179,0.256,0.026,0.013,78
1.268502555,103.8416668,0.197,0.092,0.408,0.237,0.039,0.026,76
1.268502555,103.8556668,0.342,0.333,0.216,0.108,0,0,111
1.272544009,103.6246667,0.4,0.25,0.3,0,0.05,0,20
1.272544009,103.7226668,0,0,0,1,0,0,1
1.272544009,103.7646668,0,0.333,0.667,0,0,0,3
1.272544009,103.7926668,0.165,0.227,0.402,0.124,0.072,0.01,97
1.272544009,103.8066668,0.321,0.148,0.296,0.185,0.012,0.037,81
1.272544009,103.8206668,0.406,0.172,0.188,0.141,0.031,0.062,64
1.272544009,103.8346668,0.279,0.147,0.309,0.206,0.044,0.015,68
1.272544009,103.8486668,0.203,0.145,0.449,0.174,0,0.029,69
1.272544009,103.8626668,0.389,0.256,0.267,0.078,0.011,0,90
1.276585462,103.6176667,1,0,0,0,0,0,3
1.276585462,103.6316667,0.2,0.2,0.6,0,0,0,5
1.276585462,103.7156668,0,0,1,0,0,0,1
1.276585462,103.7296668,0,0,0,1,0,0,1
1.276585462,103.7576668,0,0,0,1,0,0,1
1.276585462,103.7716668,0,0,0.667,0,0.333,0,3
1.276585462,103.7856668,0.192,0.173,0.308,0.269,0.058,0,52
1.276585462,103.7996668,0.356,0.218,0.207,0.149,0.057,0.011,87
1.276585462,103.8136668,0.444,0.111,0.238,0.127,0.032,0.048,63
1.276585462,103.8276668,0.205,0.128,0.41,0.218,0.026,0.013,78
1.276585462,103.8416668,0.133,0.244,0.4,0.222,0,0,45
1.276585462,103.8556668,0.27,0.365,0.176,0.189,0,0,74
1.276585462,103.8696668,0.452,0.269,0.14,0.043,0.075,0.022,93
1.280626916,103.6246667,0.429,0.143,0.429,0,0,0,7
1.280626916,103.6526667,1,0,0,0,0,0,1
1.280626916,103.7086668,0,0,1,0,0,0,1
1.280626916,103.7226668,0,0,0.5,0.5,0,0,2
1.280626916,103.7506668,0,0,0,1,0,0,1
1.280626916,103.7646668,0,0,0,0,1,0,1
1.280626916,103.7786668,0.158,0.316,0.263,0.123,0.14,0,57
1.280626916,103.7926668,0.227,0.227,0.258,0.091,0.182,0.015,66
1.280626916,103.8066668,0.135,0.108,0.419,0.284,0.041,0.014,74
1.280626916,103.8206668,0.533,0.233,0.167,0.05,0,0.017,60
1.280626916,103.8346668,0.273,0.045,0.409,0.193,0.023,0.057,88
1.280626916,103.8486668,0.149,0.255,0.383,0.191,0,0.021,47
1.280626916,103.8626668,0.078,0.484,0.219,0.141,0.047,0.031,64
1.280626916,103.8766668,0.427,0.375,0.156,0.01,0.01,0.021,96
1.28466837,103.6316667,0.333,0,0.667,0,0,0,3
1.28466837,103.6736667,0,1,0,0,0,0,1
1.28466837,103.7156668,0,0,1,0,0,0,2
1.28466837,103.7296668,0,0,0,1,0,0,1
1.28466837,103.7576668,0.25,0.25,0,0.5,0,0,4
1.28466837,103.7716668,0.073,0.073,0.618,0.164,0.055,0.018,55
1.28466837,103.7856668,0.175,0.238,0.222,0.175,0.19,0,63
1.28466837,103.7996668,0.16,0.147,0.4,0.227,0.067,0,75
1.28466837,103.8136668,0.349,0.079,0.286,0.19,0.063,0.032,63
1.28466837,103.8276668,0.205,0.133,0.41,0.193,0.024,0.036,83
1.28466837,103.8416668,0.163,0.209,0.488,0.14,0,0,43
1.28466837,103.8556668,0.131,0.464,0.262,0.107,0.024,0.012,84
1.28466837,103.8696668,0.2,0.267,0.2,0.15,0.117,0.067,60
1.28466837,103.8836668,0.105,0.632,0.263,0,0,0,19
1.288709824,103.6246667,0.5,0,0,0,0.5,0,2
1.288709824,103.6526667,1,0,0,0,0,0,1
1.288709824,103.6666667,0,0.5,0.5,0,0,0,2
1.288709824,103.6806667,0,1,0,0,0,0,1
1.288709824,103.7226668,0,0,1,0,0,0,1
1.288709824,103.7506668,0.667,0.333,0,0,0,0,3
1.288709824,103.7646668,0.228,0.123,0.386,0.158,0.035,0.07,57
1.288709824,103.7786668,0.176,0.221,0.338,0.206,0.059,0,68
1.288709824,103.7926668,0.129,0.177,0.371,0.113,0.194,0.016,62
1.288709824,103.8066668,0.127,0.228,0.392,0.165,0.063,0.025,79
1.288709824,103.8206668,0.169,0.07,0.394,0.254,0.07,0.042,71
1.288709824,103.8346668,0.216,0.082,0.412,0.206,0.052,0.031,97
1.288709824,103.8486668,0.15,0.2,0.333,0.267,0.017,0.033,60
1.288709824,103.8626668,0.167,0.385,0.256,0.115,0.038,0.038,78
1.288709824,103.8766668,0.423,0.237,0.175,0.113,0.01,0.041,97
1.288709824,103.8906668,0.259,0.444,0.148,0.074,0,0.074,27
1.292751277,103.6176667,1,0,0,0,0,0,1
1.292751277,103.6316667,0.667,0,0,0,0.333,0,3
1.292751277,103.6596667,0,0,1,0,0,0,1
1.292751277,103.6736667,0,0.5,0.25,0.25,0,0,4
1.292751277,103.7016668,0,0.5,0,0.5,0,0,2
1.292751277,103.7156668,0,0,0.333,0.5,0,0.167,6
1.292751277,103.7576668,0.221,0.273,0.143,0.26,0.039,0.065,77
1.292751277,103.7716668,0.093,0.148,0.352,0.37,0.019,0.019,54
1.292751277,103.7856668,0.139,0.153,0.486,0.153,0.056,0.014,72
1.292751277,103.7996668,0.127,0.076,0.532,0.177,0.025,0.063,79
1.292751277,103.8136668,0.328,0.09,0.194,0.179,0.09,0.119,67
1.292751277,103.8276668,0.262,0.095,0.333,0.25,0.012,0.048,84
1.292751277,103.8416668,0.23,0.197,0.295,0.213,0.049,0.016,61
1.292751277,103.8556668,0.228,0.329,0.241,0.152,0.025,0.025,79
1.292751277,103.8696668,0.273,0.245,0.2,0.191,0.055,0.036,110
1.292751277,103.8836668,0.321,0.094,0.264,0.283,0.019,0.019,53
1.292751277,103.8976668,0.316,0.114,0.38,0.165,0,0.025,79
1.296792731,103.6246667,0.75,0,0,0,0.25,0,4
1.296792731,103.6526667,0.6,0.2,0.2,0,0,0,5
1.296792731,103.6666667,0,0.667,0.333,0,0,0,3
1.296792731,103.6806667,0.462,0.308,0,0.231,0,0,13
1.296792731,103.6946668,0,0.667,0,0.333,0,0,3
1.296792731,103.7086668,0,0.111,0.222,0.556,0,0.111,9
1.296792731,103.7226668,0,0,1,0,0,0,1
1.296792731,103.7366668,1,0,0,0,0,0,1
1.296792731,103.7506668,0.412,0.118,0.118,0.353,0,0,17
1.296792731,103.7646668,0.115,0.192,0.5,0.173,0,0.019,52
1.296792731,103.7786668,0.101,0.014,0.464,0.42,0,0,69
1.296792731,103.7926668,0.152,0.076,0.561,0.182,0.015,0.015,66
1.296792731,103.8066668,0.265,0.103,0.235,0.25,0.029,0.118,68
1.296792731,103.8206668,0.12,0.108,0.434,0.241,0.072,0.024,83
1.296792731,103.8346668,0.211,0.132,0.408,0.211,0.013,0.026,76
1.296792731,103.8486668,0.062,0.141,0.422,0.359,0.016,0,64
1.296792731,103.8626668,0.397,0.159,0.206,0.206,0.016,0.016,63
1.296792731,103.8766668,0.439,0.317,0.098,0.073,0,0.073,41
1.296792731,103.8906668,0.333,0.116,0.333,0.116,0.014,0.087,69
1.296792731,103.9046669,0.167,0.233,0.317,0.183,0.067,0.033,60
1.300834185,103.6176667,1,0,0,0,0,0,1
1.300834185,103.6316667,1,0,0,0,0,0,1
1.300834185,103.6456667,0.5,0.188,0.188,0.125,0,0,16
1.300834185,103.6596667,0.6,0.2,0.2,0,0,0,5
1.300834185,103.6736667,0.429,0.357,0,0.214,0,0,14
1.300834185,103.6876668,0.444,0.222,0.111,0.222,0,0,9
1.300834185,103.7016668,0,0.375,0.125,0.5,0,0,8
1.300834185,103.7156668,0,0,0.167,0.667,0,0.167,6
1.300834185,103.7296668,0.5,0,0.5,0,0,0,2
1.300834185,103.7436668,0.312,0,0.312,0.312,0,0.062,16
1.300834185,103.7576668,0.216,0.284,0.203,0.203,0.041,0.054,74
1.300834185,103.7716668,0.188,0,0.406,0.406,0,0,64
1.300834185,103.7856668,0.162,0.135,0.473,0.189,0.014,0.027,74
1.300834185,103.7996668,0.186,0.102,0.339,0.305,0.034,0.034,59
1.300834185,103.8136668,0.181,0.084,0.398,0.205,0.084,0.048,83
1.300834185,103.8276668,0.161,0.032,0.516,0.242,0.016,0.032,62
1.300834185,103.8416668,0.239,0.119,0.284,0.284,0.045,0.03,67
1.300834185,103.8556668,0.362,0.1,0.288,0.238,0.012,0,80
1.300834185,103.8696668,0.29,0.145,0.275,0.188,0,0.101,69
1.300834185,103.8836668,0.135,0.192,0.365,0.173,0.077,0.058,52
1.300834185,103.8976668,0.135,0.077,0.327,0.25,0.115,0.096,52
1.300834185,103.9116669,0.205,0.205,0.346,0.141,0.051,0.051,78
1.300834185,103.9256669,0.189,0.198,0.171,0.396,0.009,0.036,111
1.304875639,103.6246667,0.2,0.2,0.6,0,0,0,5
1.304875639,103.6386667,0.5,0.25,0,0.25,0,0,4
1.304875639,103.6526667,0.579,0.158,0.211,0.053,0,0,19
1.304875639,103.6666667,0,0.333,0.333,0.333,0,0,3
1.304875639,103.6806667,0.438,0.25,0.062,0.25,0,0,16
1.304875639,103.6946668,0,0.8,0,0.2,0,0,5
1.304875639,103.7086668,0,0.091,0.182,0.636,0,0.091,11
1.304875639,103.7226668,0.333,0,0.524,0.048,0.048,0.048,21
1.304875639,103.7366668,1,0,0,0,0,0,1
1.304875639,103.7506668,0.164,0.075,0.433,0.254,0.015,0.06,67
1.304875639,103.7646668,0.22,0.12,0.34,0.28,0,0.04,50
1.304875639,103.7786668,0.157,0.014,0.414,0.414,0,0,70
1.304875639,103.7926668,0.224,0.121,0.414,0.19,0.034,0.017,58
1.304875639,103.8066668,0.257,0.041,0.351,0.284,0.014,0.054,74
1.304875639,103.8206668,0.22,0.06,0.52,0.12,0.08,0,50
1.304875639,103.8346668,0.197,0.115,0.328,0.279,0.033,0.049,61
1.304875639,103.8486668,0.26,0.143,0.338,0.234,0.013,0.013,77
1.304875639,103.8626668,0.22,0.264,0.286,0.198,0,0.033,91
1.304875639,103.8766668,0.213,0.067,0.453,0.187,0,0.08,75
1.304875639,103.8906668,0.241,0.155,0.362,0.138,0.052,0.052,58
1.304875639,103.9046669,0.123,0.281,0.316,0.211,0.018,0.053,57
1.304875639,103.9186669,0.204,0.155,0.408,0.155,0.029,0.049,103
1.304875639,103.9326669,0.23,0.148,0.246,0.352,0,0.025,122
1.308917092,103.6316667,0,0.4,0.6,0,0,0,5
1.308917092,103.6456667,0.476,0.238,0.19,0.095,0,0,21
1.308917092,103.6596667,0.2,0,0.6,0,0.2,0,5
1.308917092,103.6736667,0,0,0.5,0.5,0,0,2
1.308917092,103.6876668,0.2,0.4,0.2,0.2,0,0,5
1.308917092,103.7016668,0,0.5,0.25,0.25,0,0,4
1.308917092,103.7156668,0.444,0.111,0.333,0.111,0,0,9
1.308917092,103.7296668,0.286,0.071,0.393,0.143,0.107,0,28
1.308917092,103.7436668,0.153,0.125,0.403,0.236,0.028,0.056,72
1.308917092,103.7576668,0.054,0.125,0.482,0.304,0,0.036,56
1.308917092,103.7716668,0.306,0.21,0.226,0.242,0.016,0,62
1.308917092,103.7856668,0.189,0.113,0.321,0.226,0.075,0.075,53
1.308917092,103.7996668,0.268,0.214,0.268,0.25,0,0,56
1.308917092,103.8136668,0.103,0.103,0.397,0.09,0.256,0.051,78
1.308917092,103.8276668,0.134,0.09,0.448,0.269,0.03,0.03,67
1.308917092,103.8416668,0.176,0.162,0.27,0.297,0.054,0.041,74
1.308917092,103.8556668,0.275,0.13,0.275,0.261,0.014,0.043,69
1.308917092,103.8696668,0.098,0.085,0.524,0.22,0,0.073,82
1.308917092,103.8836668,0.131,0.148,0.443,0.197,0.049,0.033,61
1.308917092,103.8976668,0.138,0.103,0.431,0.276,0,0.052,58
1.308917092,103.9116669,0.141,0.207,0.424,0.13,0.054,0.043,92
1.308917092,103.9256669,0.286,0.275,0.231,0.154,0,0.055,91
1.308917092,103.9396669,0.203,0.203,0.25,0.281,0.047,0.016,64
1.308917092,103.9536669,0.277,0.06,0.458,0.12,0.024,0.06,83
1.308917092,103.9816669,0.107,0.214,0.571,0.089,0.018,0,56
1.308917092,103.9956669,0.167,0.106,0.689,0.03,0.008,0,132
1.312958546,103.6246667,0,0.615,0.308,0,0.077,0,13
1.312958546,103.6386667,0.25,0.25,0.5,0,0,0,4
1.312958546,103.6526667,0.438,0.125,0.312,0.062,0.062,0,16
1.312958546,103.6666667,0,0,0.5,0.5,0,0,2
1.312958546,103.6806667,0.333,0,0.333,0.333,0,0,3
1.312958546,103.6946668,0.2,0.4,0,0.4,0,0,5
1.312958546,103.7086668,0.038,0.127,0.57,0.063,0.203,0,79
1.312958546,103.7226668,0.344,0.094,0.375,0.094,0.094,0,32
1.312958546,103.7366668,0.405,0.189,0.27,0.108,0.027,0,37
1.312958546,103.7506668,0.091,0.152,0.439,0.242,0.03,0.045,66
1.312958546,103.7646668,0.119,0.203,0.288,0.39,0,0,59
1.312958546,103.7786668,0.217,0.116,0.333,0.232,0.087,0.014,69
1.312958546,103.7926668,0.278,0.167,0.259,0.204,0.074,0.019,54
1.312958546,103.8066668,0.167,0.141,0.321,0.09,0.231,0.051,78
1.312958546,103.8206668,0.129,0.129,0.314,0.129,0.271,0.029,70
1.312958546,103.8346668,0.195,0.091,0.234,0.429,0.039,0.013,77
1.312958546,103.8486668,0.231,0.198,0.352,0.209,0.011,0,91
1.312958546,103.8626668,0.16,0.32,0.34,0.12,0.04,0.02,50
1.312958546,103.8766668,0.144,0.124,0.464,0.175,0.052,0.041,97
1.312958546,103.8906668,0.304,0.072,0.275,0.304,0.014,0.029,69
1.312958546,103.9046669,0.131,0.131,0.475,0.23,0,0.033,61
1.312958546,103.9186669,0.17,0.227,0.295,0.261,0,0.045,88
1.312958546,103.9326669,0.231,0.215,0.338,0.169,0.046,0,65
1.312958546,103.9466669,0.238,0.175,0.302,0.206,0.048,0.032,63
1.312958546,103.9606669,0.377,0.131,0.295,0.082,0.016,0.098,61
1.312958546,103.9746669,0.215,0.038,0.582,0.127,0,0.038,79
1.312958546,103.9886669,0.169,0.077,0.354,0.4,0,0,65
1.312958546,104.0026669,0.14,0.14,0.719,0,0,0,57
1.312958546,104.0166669,0.393,0.292,0.18,0.09,0.034,0.011,89
1.312958546,104.0306669,0.282,0.338,0.099,0.268,0.014,0,71
1.317,103.6316667,0.071,0.571,0.286,0,0.071,0,14
1.317,103.6456667,0.444,0.333,0.222,0,0,0,9
1.317,103.6596667,0,0.25,0.5,0,0.25,0,4
1.317,103.6736667,0,0,0.667,0.333,0,0,3
1.317,103.6876668,0,0,0,1,0,0,1
1.317,103.7016668,0.025,0.123,0.568,0.086,0.198,0,81
1.317,103.7156668,0.14,0.163,0.465,0.128,0.081,0.023,86
1.317,103.7296668,0.326,0.116,0.349,0.163,0.047,0,43
1.317,103.7436668,0.302,0.175,0.222,0.222,0.048,0.032,63
1.317,103.7716668,0.2,0.164,0.273,0.345,0.018,0,55
1.317,103.7856668,0.125,0.098,0.312,0.241,0.196,0.027,112
1.317,103.7996668,0.344,0.188,0.188,0.219,0.031,0.031,64
1.317,103.8136668,0.13,0.13,0.319,0.116,0.275,0.029,69
1.317,103.8276668,0.165,0.152,0.367,0.278,0.025,0.013,79
1.317,103.8416668,0.195,0.126,0.391,0.253,0.034,0,87
1.317,103.8556668,0.2,0.2,0.32,0.24,0.04,0,50
1.317,103.8696668,0.175,0.125,0.225,0.45,0.025,0,40
1.317,103.8836668,0.338,0.118,0.309,0.206,0.015,0.015,68
1.317,103.8976668,0.192,0.135,0.442,0.192,0,0.038,52
1.317,103.9116669,0.114,0.227,0.386,0.193,0.023,0.057,88
1.317,103.9256669,0.148,0.307,0.307,0.182,0.011,0.045,88
1.317,103.9396669,0.172,0.203,0.281,0.25,0.047,0.047,64
1.317,103.9536669,0.455,0.061,0.227,0.136,0.061,0.061,66
1.317,103.9676669,0.26,0.096,0.452,0.123,0.027,0.041,73
1.317,103.9816669,0.171,0.024,0.22,0.585,0,0,41
1.317,103.9956669,0.177,0.081,0.355,0.387,0,0,62
1.317,104.0096669,0.417,0.083,0.333,0.125,0.042,0,24
1.317,104.0236669,0.303,0.236,0.157,0.281,0.011,0.011,89
1.317,104.0376669,0,0,0.261,0.739,0,0,23
1.321041454,103.6246667,0.1,0.7,0.1,0,0.1,0,10
1.321041454,103.6386667,0.25,0.25,0.5,0,0,0,4
1.321041454,103.6526667,0.5,0.5,0,0,0,0,2
1.321041454,103.6666667,0,1,0,0,0,0,2
1.321041454,103.6806667,0,0.091,0.545,0.364,0,0,11
1.321041454,103.6946668,0.235,0,0.294,0.353,0.059,0.059,17
1.321041454,103.7086668,0.025,0.123,0.568,0.086,0.198,0,81
1.321041454,103.7226668,0.234,0.191,0.319,0.191,0.064,0,47
1.321041454,103.7366668,0.299,0.134,0.313,0.179,0.06,0.015,67
1.321041454,103.7506668,0.23,0.066,0.279,0.393,0.016,0.016,61
1.321041454,103.7646668,0.237,0.097,0.29,0.344,0.022,0.011,93
1.321041454,103.7786668,0.093,0.165,0.32,0.227,0.186,0.01,97
1.321041454,103.7926668,0.132,0.053,0.355,0.263,0.026,0.171,76
1.321041454,103.8066668,0.171,0.171,0.329,0.271,0.029,0.029,70
1.321041454,103.8206668,0.156,0.141,0.453,0.125,0.125,0,64
1.321041454,103.8346668,0.172,0.092,0.437,0.218,0.034,0.046,87
1.321041454,103.8486668,0.182,0.13,0.429,0.221,0.039,0,77
1.321041454,103.8626668,0.165,0.212,0.294,0.318,0.012,0,85
1.321041454,103.8766668,0.316,0.026,0.263,0.316,0.053,0.026,38
1.321041454,103.8906668,0.28,0.04,0.3,0.24,0.08,0.06,50
1.321041454,103.9046669,0.118,0.118,0.471,0.235,0,0.059,51
1.321041454,103.9186669,0.18,0.236,0.258,0.202,0.034,0.09,89
1.321041454,103.9326669,0.169,0.138,0.338,0.308,0.015,0.031,65
1.321041454,103.9466669,0.246,0.123,0.323,0.2,0.062,0.046,65
1.321041454,103.9606669,0.403,0.113,0.177,0.177,0.081,0.048,62
1.321041454,103.9746669,0.211,0.053,0.566,0.132,0,0.039,76
1.321041454,103.9886669,0.143,0.048,0.238,0.571,0,0,42
1.321041454,104.0166669,0.419,0.189,0.243,0.122,0.014,0.014,74
1.321041454,104.0306669,0.269,0.256,0.179,0.282,0.013,0,78
1.325082908,103.6316667,0,0,1,0,0,0,2
1.325082908,103.6456667,0.333,0.167,0.167,0.333,0,0,6
1.325082908,103.6596667,0.2,0.6,0.2,0,0,0,5
1.325082908,103.6736667,0.237,0.118,0.237,0.395,0,0.013,76
1.325082908,103.6876668,0,0,0.571,0.429,0,0,7
1.325082908,103.7016668,0.022,0.124,0.573,0.09,0.191,0,89
1.325082908,103.7156668,0.099,0.239,0.437,0.127,0.085,0.014,71
1.325082908,103.7296668,0.196,0.098,0.412,0.176,0.098,0.02,51
1.325082908,103.7436668,0.2,0.218,0.309,0.2,0.055,0.018,55
1.325082908,103.7576668,0.286,0.031,0.327,0.316,0.02,0.02,98
1.325082908,103.7716668,0.169,0.108,0.338,0.292,0.031,0.062,65
1.325082908,103.7856668,0.128,0.093,0.314,0.186,0.14,0.14,86
1.325082908,103.7996668,0.143,0.229,0.286,0.157,0.029,0.157,70
1.325082908,103.8136668,0.155,0.121,0.345,0.345,0.034,0,58
1.325082908,103.8276668,0.226,0.057,0.425,0.217,0.019,0.057,106
1.325082908,103.8416668,0.26,0.164,0.356,0.178,0.041,0,73
1.325082908,103.8556668,0.267,0.083,0.367,0.217,0,0.067,60
1.325082908,103.8696668,0.192,0.192,0.372,0.231,0,0.013,78
1.325082908,103.8836668,0.269,0.164,0.284,0.224,0.015,0.045,67
1.325082908,103.8976668,0.2,0.2,0.35,0.1,0.1,0.05,40
1.325082908,103.9116669,0.103,0.231,0.333,0.218,0.026,0.09,78
1.325082908,103.9256669,0.219,0.233,0.247,0.233,0.041,0.027,73
1.325082908,103.9396669,0.173,0.135,0.481,0.135,0.019,0.058,52
1.325082908,103.9536669,0.267,0.093,0.28,0.32,0.04,0,75
1.325082908,103.9676669,0.514,0.143,0.229,0.029,0.086,0,35
1.325082908,103.9816669,0.292,0.333,0.25,0.042,0.083,0,24
1.325082908,103.9956669,0.65,0.24,0,0.11,0,0,100
1.325082908,104.0096669,0.65,0.24,0,0.11,0,0,100
1.325082908,104.0236669,0.375,0.406,0.125,0.078,0.016,0,64
1.329124361,103.6386667,0.111,0.111,0.444,0.222,0,0.111,9
1.329124361,103.6526667,0.079,0.053,0.711,0.132,0,0.026,38
1.329124361,103.6666667,0.208,0.208,0.208,0.351,0,0.026,77
1.329124361,103.6806667,0.127,0.182,0.382,0.291,0.018,0,55
1.329124361,103.6946668,0.263,0.263,0.316,0.105,0.026,0.026,38
1.329124361,103.7086668,0.113,0.239,0.465,0.085,0.07,0.028,71
1.329124361,103.7226668,0.161,0.143,0.357,0.25,0.054,0.036,56
1.329124361,103.7366668,0.231,0.327,0.25,0.096,0.077,0.019,52
1.329124361,103.7506668,0.162,0.059,0.529,0.191,0.015,0.044,68
1.329124361,103.7646668,0.329,0.047,0.282,0.259,0.047,0.035,85
1.329124361,103.7786668,0.129,0.214,0.386,0.114,0.114,0.043,70
1.329124361,103.7926668,0.044,0.221,0.471,0.25,0,0.015,68
1.329124361,103.8066668,0.108,0.145,0.325,0.313,0.036,0.072,83
1.329124361,103.8206668,0.1,0.089,0.6,0.156,0.022,0.033,90
1.329124361,103.8346668,0.28,0.1,0.24,0.2,0,0.18,50
1.329124361,103.8486668,0.222,0.13,0.407,0.148,0.074,0.019,54
1.329124361,103.8626668,0.224,0.158,0.355,0.145,0,0.118,76
1.329124361,103.8766668,0.208,0.229,0.271,0.229,0.021,0.042,48
1.329124361,103.8906668,0.205,0.091,0.455,0.114,0.091,0.045,44
1.329124361,103.9046669,0.207,0.138,0.276,0.241,0.052,0.086,58
1.329124361,103.9186669,0.253,0.195,0.195,0.253,0.034,0.069,87
1.329124361,103.9326669,0.146,0.083,0.521,0.229,0,0.021,48
1.329124361,103.9466669,0.182,0.182,0.394,0.212,0,0.03,66
1.329124361,103.9606669,0.585,0.154,0.108,0.123,0.015,0.015,65
1.329124361,103.9746669,0.059,0.412,0.353,0.059,0.118,0,17
1.329124361,103.9886669,0.333,0,0.5,0,0.167,0,6
1.329124361,104.0026669,0.65,0.24,0,0.11,0,0,100
1.329124361,104.0166669,1,0,0,0,0,0,1
1.333165815,103.6316667,0,0.167,0.5,0.167,0,0.167,6
1.333165815,103.6456667,0.182,0.121,0.364,0.212,0.03,0.091,33
1.333165815,103.6596667,0.065,0.097,0.71,0.129,0,0,31
1.333165815,103.6736667,0.167,0.185,0.37,0.259,0.019,0,54
1.333165815,103.6876668,0.171,0.317,0.366,0.146,0,0,41
1.333165815,103.7016668,0.14,0.04,0.5,0.16,0.06,0.1,50
1.333165815,103.7156668,0.146,0.098,0.317,0.268,0.122,0.049,41
1.333165815,103.7296668,0.158,0.139,0.485,0.069,0.119,0.03,101
1.333165815,103.7436668,0.291,0.273,0.309,0.109,0,0.018,55
1.333165815,103.7576668,0.2,0.2,0.429,0.143,0,0.029,35
1.333165815,103.7716668,0.188,0.1,0.312,0.238,0.062,0.1,80
1.333165815,103.7856668,0.203,0.169,0.356,0.169,0.068,0.034,59
1.333165815,103.7996668,0.056,0.233,0.344,0.133,0.167,0.067,90
1.333165815,103.8136668,0.08,0.067,0.507,0.227,0.093,0.027,75
1.333165815,103.8276668,0.326,0.217,0.087,0.283,0.043,0.043,46
1.333165815,103.8416668,0.267,0.1,0.283,0.283,0.05,0.017,60
1.333165815,103.8556668,0.23,0.066,0.311,0.279,0.033,0.082,61
1.333165815,103.8696668,0.143,0.143,0.413,0.143,0.127,0.032,63
1.333165815,103.8836668,0.189,0.132,0.358,0.264,0.019,0.038,53
1.333165815,103.8976668,0.255,0.137,0.353,0.196,0.039,0.02,51
1.333165815,103.9116669,0.347,0.102,0.306,0.184,0,0.061,49
1.333165815,103.9256669,0.151,0.17,0.472,0.208,0,0,53
1.333165815,103.9396669,0.077,0.096,0.635,0.173,0,0.019,52
1.333165815,103.9536669,0.491,0.075,0.264,0.113,0.038,0.019,53
1.333165815,103.9676669,0.462,0.295,0.141,0.077,0,0.026,78
1.333165815,103.9816669,0.062,0.262,0.4,0.175,0.038,0.062,80
1.333165815,103.9956669,0,0.667,0,0.333,0,0,3
1.337207269,103.6386667,0.326,0.253,0.211,0.137,0.053,0.021,95
1.337207269,103.6526667,0.102,0.082,0.612,0.143,0.02,0.041,49
1.337207269,103.6666667,0.2,0.231,0.215,0.277,0.031,0.046,65
1.337207269,103.6806667,0.328,0.293,0.276,0.086,0,0.017,58
1.337207269,103.6946668,0.133,0.117,0.417,0.25,0.05,0.033,60
1.337207269,103.7086668,0.18,0.022,0.303,0.371,0.045,0.079,89
1.337207269,103.7226668,0.127,0.098,0.5,0.088,0.157,0.029,102
1.337207269,103.7366668,0.231,0.244,0.41,0.051,0.051,0.013,78
1.337207269,103.7506668,0.234,0.141,0.469,0.109,0.016,0.031,64
1.337207269,103.7646668,0.115,0.135,0.327,0.231,0.019,0.173,52
1.337207269,103.7786668,0.207,0.155,0.328,0.155,0.086,0.069,58
1.337207269,103.7926668,0.066,0.132,0.308,0.132,0.308,0.055,91
1.337207269,103.8066668,0.086,0.043,0.457,0.286,0.043,0.086,70
1.337207269,103.8206668,0.183,0.167,0.25,0.133,0.267,0,60
1.337207269,103.8346668,0.254,0.238,0.175,0.222,0.079,0.032,63
1.337207269,103.8486668,0.151,0.132,0.34,0.34,0.019,0.019,53
1.337207269,103.8626668,0.209,0.134,0.373,0.119,0.09,0.075,67
1.337207269,103.8766668,0.121,0.077,0.484,0.099,0.198,0.022,91
1.337207269,103.8906668,0.379,0.076,0.318,0.197,0.015,0.015,66
1.337207269,103.9046669,0.266,0.109,0.25,0.172,0.094,0.109,64
1.337207269,103.9186669,0.25,0.146,0.375,0.208,0,0.021,48
1.337207269,103.9326669,0.057,0.057,0.66,0.189,0.019,0.019,53
1.337207269,103.9466669,0.069,0.069,0.345,0.483,0.023,0.011,87
1.337207269,103.9606669,0.333,0.25,0.229,0.125,0.021,0.042,48
1.337207269,103.9746669,0.368,0.526,0.044,0.018,0.044,0,114
1.337207269,103.9886669,0.071,0.214,0.452,0.19,0,0.071,84
1.337207269,104.0026669,0.333,0.333,0,0.333,0,0,3
1.337207269,104.0866669,1,0,0,0,0,0,1
1.341248723,103.6316667,0.384,0.267,0.14,0.151,0.047,0.012,86
1.341248723,103.6456667,0.188,0.219,0.344,0.125,0.094,0.031,32
1.341248723,103.6736667,0.305,0.136,0.305,0.22,0,0.034,59
1.341248723,103.6876668,0.278,0.148,0.296,0.241,0.019,0.019,54
1.341248723,103.7016668,0.187,0.022,0.319,0.352,0.044,0.077,91
1.341248723,103.7156668,0.198,0.089,0.208,0.337,0.109,0.059,101
1.341248723,103.7296668,0.17,0.128,0.479,0.064,0.138,0.021,94
1.341248723,103.7716668,0.127,0.127,0.238,0.159,0.27,0.079,63
1.341248723,103.7856668,0.382,0.036,0.236,0.182,0.055,0.109,55
1.341248723,103.7996668,0.039,0.217,0.372,0.078,0.264,0.031,129
1.341248723,103.8136668,0.253,0.277,0.205,0.048,0.217,0,83
1.341248723,103.8276668,0.275,0.196,0.216,0.196,0.059,0.059,51
1.341248723,103.8416668,0.31,0.149,0.207,0.276,0.023,0.034,87
1.341248723,103.8556668,0.262,0.036,0.238,0.393,0.012,0.06,84
1.341248723,103.8696668,0.078,0.058,0.505,0.078,0.262,0.019,103
1.341248723,103.8836668,0.253,0.12,0.386,0.169,0.048,0.024,83
1.341248723,103.8976668,0.442,0.07,0.186,0.233,0.023,0.047,43
1.341248723,103.9116669,0.351,0.189,0.27,0.135,0.027,0.027,37
1.341248723,103.9256669,0.208,0.125,0.375,0.229,0.021,0.042,48
1.341248723,103.9396669,0.149,0.135,0.514,0.162,0,0.041,74
1.341248723,103.9536669,0.326,0.093,0.302,0.209,0.07,0,43
1.341248723,103.9676669,0.348,0.333,0.212,0.076,0.015,0.015,66
1.341248723,103.9816669,0.075,0.355,0.312,0.237,0.011,0.011,93
1.341248723,103.9956669,0.357,0.214,0.143,0.214,0,0.071,14
1.341248723,104.0796669,0.5,0.5,0,0,0,0,2
1.345290176,103.6386667,0.418,0.228,0.139,0.177,0.025,0.013,79
1.345290176,103.6526667,0,0,0,1,0,0,1
1.345290176,103.6666667,0,1,0,0,0,0,2
1.345290176,103.6806667,0.312,0.031,0.375,0.125,0.156,0,32
1.345290176,103.6946668,0.079,0.053,0.566,0.184,0.118,0,76
1.345290176,103.7086668,0.196,0.031,0.32,0.33,0.041,0.082,97
1.345290176,103.7226668,0.231,0.308,0.231,0.092,0.123,0.015,65
1.345290176,103.7366668,0.261,0.13,0.413,0.065,0.043,0.087,46
1.345290176,103.7506668,0.327,0.077,0.327,0.135,0.058,0.077,52
1.345290176,103.7646668,0.227,0.08,0.347,0.12,0.187,0.04,75
1.345290176,103.7786668,0.069,0.138,0.397,0.19,0.172,0.034,58
1.345290176,103.7926668,0.031,0.227,0.391,0.07,0.266,0.016,128
1.345290176,103.8066668,0.313,0.169,0.193,0.06,0.253,0.012,83
1.345290176,103.8206668,0.268,0.155,0.225,0.141,0.211,0,71
1.345290176,103.8346668,0.206,0.191,0.265,0.191,0.088,0.059,68
1.345290176,103.8486668,0.197,0.039,0.368,0.368,0,0.026,76
1.345290176,103.8626668,0.119,0.069,0.535,0.178,0.059,0.04,101
1.345290176,103.8766668,0.09,0.064,0.449,0.218,0.103,0.077,78
1.345290176,103.8906668,0.519,0.025,0.316,0.101,0.013,0.025,79
1.345290176,103.9046669,0.438,0.406,0.062,0.062,0.031,0,32
1.345290176,103.9186669,0.204,0.163,0.388,0.163,0.041,0.041,49
1.345290176,103.9326669,0.178,0.111,0.4,0.178,0.044,0.089,45
1.345290176,103.9466669,0.327,0.073,0.345,0.2,0.055,0,55
1.345290176,103.9606669,0.269,0.154,0.346,0.135,0.077,0.019,52
1.345290176,103.9746669,0.118,0.657,0.078,0.098,0.039,0.01,102
1.345290176,103.9886669,0.105,0.158,0.368,0.25,0.105,0.013,76
1.345290176,104.0026669,0.25,0.125,0.25,0.375,0,0,8
1.345290176,104.0166669,0,1,0,0,0,0,1
1.34933163,103.6316667,0.413,0.253,0.067,0.173,0.027,0.067,75
1.34933163,103.6456667,0.333,0,0.667,0,0,0,3
1.34933163,103.6596667,0,1,0,0,0,0,2
1.34933163,103.6736667,0.278,0.111,0.361,0.167,0.083,0,36
1.34933163,103.6876668,0.113,0.038,0.604,0.113,0.132,0,53
1.34933163,103.7016668,0.206,0.079,0.413,0.19,0,0.111,63
1.34933163,103.7156668,0.176,0.231,0.22,0.165,0.176,0.033,91
1.34933163,103.7296668,0.308,0.231,0.192,0.192,0.038,0.038,26
1.34933163,103.7436668,0.128,0.064,0.34,0.383,0,0.085,47
1.34933163,103.7576668,0.26,0.117,0.26,0.156,0.117,0.091,77
1.34933163,103.7716668,0.175,0.079,0.381,0.19,0.143,0.032,63
1.34933163,103.7856668,0.162,0.044,0.382,0.235,0.132,0.044,68
1.34933163,103.7996668,0.217,0.13,0.261,0.116,0.232,0.043,69
1.34933163,103.8136668,0.374,0.209,0.165,0.033,0.22,0,91
1.34933163,103.8276668,0.197,0.127,0.31,0.197,0.099,0.07,71
1.34933163,103.8416668,0.185,0.092,0.385,0.277,0.031,0.031,65
1.34933163,103.8556668,0.122,0.054,0.459,0.257,0.054,0.054,74
1.34933163,103.8696668,0.074,0.074,0.506,0.136,0.136,0.074,81
1.34933163,103.8836668,0.235,0.012,0.471,0.271,0,0.012,85
1.34933163,103.8976668,0.438,0.406,0.062,0.062,0.031,0,32
1.34933163,103.9116669,0.167,0.556,0.111,0.111,0,0.056,18
1.34933163,103.9256669,0.2,0.114,0.371,0.171,0.029,0.114,35
1.34933163,103.9396669,0.323,0.226,0.274,0.129,0.032,0.016,62
1.34933163,103.9536669,0.274,0.113,0.258,0.242,0.097,0.016,62
1.34933163,103.9676669,0.284,0.176,0.176,0.23,0.081,0.054,74
1.34933163,103.9816669,0.111,0.122,0.467,0.256,0.044,0,90
1.34933163,103.9956669,0.172,0.172,0.356,0.218,0.046,0.034,87
1.34933163,104.0096669,0,0.167,0.333,0.5,0,0,6
1.34933163,104.0236669,0,1,0,0,0,0,1
1.34933163,104.0796669,0,1,0,0,0,0,1
1.353373084,103.6386667,0.062,0.5,0,0.188,0.062,0.188,16
1.353373084,103.6666667,0,1,0,0,0,0,2
1.353373084,103.6806667,0.259,0.037,0.37,0.148,0.185,0,27
1.353373084,103.6946668,0.071,0.047,0.624,0.106,0.153,0,85
1.353373084,103.7086668,0.155,0.172,0.19,0.259,0.138,0.086,58
1.353373084,103.7226668,0.213,0.191,0.404,0.106,0.043,0.043,47
1.353373084,103.7366668,0.222,0.056,0.556,0.056,0.028,0.083,36
1.353373084,103.7506668,0.38,0.085,0.211,0.141,0.056,0.127,71
1.353373084,103.7646668,0.231,0.064,0.308,0.154,0.218,0.026,78
1.353373084,103.7786668,0.115,0.115,0.525,0.148,0.098,0,61
1.353373084,103.7926668,0.135,0.077,0.365,0.231,0.192,0,52
1.353373084,103.8066668,0.213,0.147,0.24,0.147,0.24,0.013,75
1.353373084,103.8206668,0.167,0.222,0.204,0.093,0.278,0.037,54
1.353373084,103.8346668,0.194,0.06,0.418,0.224,0.03,0.075,67
1.353373084,103.8486668,0.158,0.07,0.386,0.281,0.07,0.035,57
1.353373084,103.8626668,0.082,0.061,0.571,0.163,0.061,0.061,98
1.353373084,103.8766668,0.055,0.109,0.398,0.141,0.25,0.047,128
1.353373084,103.8906668,0.203,0,0.377,0.319,0.029,0.072,69
1.353373084,103.9046669,0.286,0.457,0.143,0.086,0.029,0,35
1.353373084,103.9186669,0.214,0.5,0.143,0.071,0,0.071,14
1.353373084,103.9326669,0.255,0.109,0.345,0.164,0.036,0.091,55
1.353373084,103.9466669,0.315,0.192,0.274,0.164,0.041,0.014,73
1.353373084,103.9606669,0.234,0.213,0.17,0.34,0.021,0.021,47
1.353373084,103.9746669,0.238,0.212,0.175,0.325,0.025,0.025,80
1.353373084,103.9886669,0.09,0.146,0.416,0.326,0.022,0,89
1.353373084,104.0026669,0.2,0.3,0.2,0.3,0,0,10
1.353373084,104.0166669,0,1,0,0,0,0,1
1.353373084,104.0306669,1,0,0,0,0,0,14
1.357414538,103.6596667,0,1,0,0,0,0,2
1.357414538,103.6736667,0,0,0,1,0,0,2
1.357414538,103.6876668,0.09,0.054,0.631,0.054,0.171,0,111
1.357414538,103.7016668,0.175,0.127,0.46,0.127,0,0.111,63
1.357414538,103.7156668,0.209,0.116,0.465,0.14,0,0.07,43
1.357414538,103.7296668,0.262,0.048,0.405,0.238,0.024,0.024,42
1.357414538,103.7436668,0.173,0.038,0.288,0.346,0.077,0.077,52
1.357414538,103.7576668,0.4,0.162,0.188,0.125,0.038,0.088,80
1.357414538,103.7716668,0.113,0.065,0.532,0.194,0.081,0.016,62
1.357414538,103.7856668,0.076,0.045,0.424,0.197,0.227,0.03,66
1.357414538,103.7996668,0.107,0.143,0.393,0.179,0.179,0,28
1.357414538,103.8136668,0.247,0.037,0.296,0.296,0.037,0.086,81
1.357414538,103.8276668,0.017,0.034,0.333,0.453,0.162,0,117
1.357414538,103.8416668,0.077,0.026,0.487,0.333,0.051,0.026,39
1.357414538,103.8556668,0.413,0.063,0.333,0.143,0.048,0,63
1.357414538,103.8696668,0.046,0.118,0.32,0.052,0.412,0.052,153
1.357414538,103.8836668,0.13,0.043,0.449,0.362,0,0.014,69
1.357414538,103.8976668,0.235,0.441,0.088,0.206,0.029,0,34
1.357414538,103.9116669,0.133,0.5,0.133,0.233,0,0,30
1.357414538,103.9256669,0.2,0.063,0.347,0.316,0.011,0.063,95
1.357414538,103.9396669,0.333,0.159,0.333,0.127,0.016,0.032,63
1.357414538,103.9536669,0.21,0.21,0.258,0.323,0,0,62
1.357414538,103.9676669,0.103,0.051,0.308,0.513,0,0.026,39
1.357414538,103.9816669,0.095,0.111,0.429,0.349,0.016,0,63
1.357414538,103.9956669,0.077,0.185,0.438,0.262,0.015,0.023,130
1.357414538,104.0096669,0.269,0.387,0.301,0.043,0,0,93
1.357414538,104.0236669,0.234,0.657,0.066,0.036,0,0.007,137
1.357414538,104.0376669,1,0,0,0,0,0,14
1.357414538,104.0516669,0.667,0.333,0,0,0,0,3
1.361455991,103.6386667,0,0,0,0,0,1,1
1.361455991,103.6806667,0,0.143,0.286,0.143,0.429,0,7
1.361455991,103.6946668,0.186,0.129,0.457,0.171,0.057,0,70
1.361455991,103.7086668,0.2,0,0.8,0,0,0,5
1.361455991,103.7226668,0.143,0.143,0.286,0.286,0.143,0,7
1.361455991,103.7366668,0.2,0,0.267,0.067,0.4,0.067,15
1.361455991,103.7506668,0.385,0.135,0.25,0.096,0.077,0.058,52
1.361455991,103.7646668,0.119,0.167,0.357,0.19,0.143,0.024,42
1.361455991,103.7786668,0.056,0.042,0.639,0.083,0.139,0.042,72
1.361455991,103.7926668,0,0.043,0.522,0.087,0.348,0,23
1.361455991,103.8066668,0.15,0.267,0.217,0.267,0.1,0,60
1.361455991,103.8206668,0.182,0.03,0.303,0.374,0.061,0.051,99
1.361455991,103.8346668,0.024,0,0.381,0.5,0.095,0,42
1.361455991,103.8486668,0.128,0.09,0.423,0.295,0.051,0.013,78
1.361455991,103.8626668,0.362,0.072,0.29,0.246,0.014,0.014,69
1.361455991,103.8766668,0.02,0.16,0.32,0.053,0.44,0.007,150
1.361455991,103.8906668,0.169,0.113,0.451,0.211,0.028,0.028,71
1.361455991,103.9046669,0.091,0.333,0.273,0.273,0,0.03,33
1.361455991,103.9186669,0,0.667,0.333,0,0,0,3
1.361455991,103.9326669,0.213,0.08,0.4,0.24,0.013,0.053,75
1.361455991,103.9466669,0.167,0.178,0.356,0.211,0.078,0.011,90
1.361455991,103.9606669,0.174,0.13,0.304,0.391,0,0,46
1.361455991,103.9746669,0.263,0.559,0.076,0.059,0.034,0.008,118
1.361455991,103.9886669,0.052,0.26,0.385,0.271,0.01,0.021,96
1.361455991,104.0026669,0.138,0.543,0.25,0.009,0.06,0,116
1.361455991,104.0166669,0.227,0.633,0.078,0.055,0,0.008,128
1.361455991,104.0306669,0.302,0.648,0.019,0.031,0,0,159
1.365497445,103.6876668,0.364,0,0.182,0.227,0.182,0.045,22
1.365497445,103.7016668,0.333,0,0.5,0.167,0,0,6
1.365497445,103.7156668,0,0.167,0.333,0.333,0.167,0,6
1.365497445,103.7296668,0.5,0,0,0.25,0,0.25,4
1.365497445,103.7436668,0.237,0.158,0.263,0.132,0.026,0.184,38
1.365497445,103.7576668,0.242,0.091,0.333,0.212,0.061,0.061,33
1.365497445,103.7716668,0.067,0.08,0.587,0.107,0.12,0.04,75
1.365497445,103.7856668,0.145,0.048,0.306,0.129,0.29,0.081,62
1.365497445,103.7996668,0.4,0,0.4,0.2,0,0,5
1.365497445,103.8136668,0.259,0.035,0.306,0.282,0.047,0.071,85
1.365497445,103.8276668,0.034,0.034,0.241,0.552,0.138,0,58
1.365497445,103.8416668,0.077,0.038,0.5,0.231,0.077,0.077,26
1.365497445,103.8556668,0.151,0.096,0.384,0.329,0.027,0.014,73
1.365497445,103.8696668,0.13,0.185,0.352,0.222,0.037,0.074,54
1.365497445,103.8836668,0.256,0.077,0.462,0.154,0.051,0,39
1.365497445,103.8976668,0.222,0.389,0.167,0.194,0.028,0,36
1.365497445,103.9116669,0.087,0.348,0.217,0.304,0,0.043,23
1.365497445,103.9256669,0.14,0.419,0.279,0.093,0.047,0.023,43
1.365497445,103.9396669,0.159,0.122,0.366,0.122,0.122,0.11,82
1.365497445,103.9536669,0.11,0.138,0.44,0.11,0.193,0.009,109
1.365497445,103.9676669,0.159,0.145,0.333,0.333,0.029,0,69
1.365497445,103.9816669,0.321,0.491,0.057,0.075,0.038,0.019,53
1.365497445,103.9956669,0.066,0.189,0.402,0.32,0.008,0.016,122
1.365497445,104.0096669,0.473,0.429,0.045,0.045,0,0.009,112
1.365497445,104.0236669,0.241,0.645,0.057,0.05,0,0.007,141
1.365497445,104.0516669,0.5,0.5,0,0,0,0,4
1.365497445,104.0656669,1,0,0,0,0,0,1
1.369538899,103.6806667,0.333,0,0.333,0.167,0,0.167,6
1.369538899,103.6946668,0.571,0,0.143,0.238,0,0.048,21
1.369538899,103.7086668,0,0,0.25,0,0.75,0,4
1.369538899,103.7226668,0.296,0.333,0.148,0.185,0.037,0,27
1.369538899,103.7366668,0.188,0.188,0.375,0.062,0,0.188,16
1.369538899,103.7506668,0.293,0.146,0.195,0.171,0.024,0.171,41
1.369538899,103.7646668,0.066,0.18,0.393,0.311,0.033,0.016,61
1.369538899,103.7786668,0.136,0.08,0.341,0.159,0.227,0.057,88
1.369538899,103.7926668,0.182,0.061,0.303,0.061,0.364,0.03,33
1.369538899,103.8066668,0.205,0.041,0.466,0.233,0.055,0,73
1.369538899,103.8206668,0.215,0.19,0.38,0.114,0.076,0.025,79
1.369538899,103.8346668,0.116,0,0.744,0.093,0.023,0.023,43
1.369538899,103.8486668,0.141,0.056,0.465,0.296,0.028,0.014,71
1.369538899,103.8626668,0.229,0.125,0.396,0.208,0,0.042,48
1.369538899,103.8766668,0.289,0.158,0.421,0.026,0.053,0.053,38
1.369538899,103.8906668,0.242,0.055,0.582,0.088,0.033,0,91
1.369538899,103.9046669,0.151,0.189,0.396,0.189,0.038,0.038,53
1.369538899,103.9186669,0,0,0.25,0.5,0.25,0,4
1.369538899,103.9326669,0.147,0.074,0.515,0.162,0.059,0.044,68
1.369538899,103.9466669,0.091,0.136,0.536,0.055,0.173,0.009,110
1.369538899,103.9606669,0.278,0.074,0.315,0.259,0.037,0.037,54
1.369538899,103.9746669,0.009,0.037,0.204,0.722,0.009,0.019,108
1.369538899,103.9886669,0.045,0.327,0.309,0.209,0.091,0.018,110
1.369538899,104.0026669,0.032,0.134,0.618,0.172,0.032,0.013,157
1.369538899,104.0166669,0.295,0.597,0.062,0.039,0,0.008,129
1.369538899,104.0446669,0.4,0.6,0,0,0,0,5
1.369538899,104.0586669,1,0,0,0,0,0,1
1.369538899,104.0726669,1,0,0,0,0,0,1
1.373580353,103.6876668,0.4,0,0.267,0.2,0,0.133,15
1.373580353,103.7016668,0.357,0,0.357,0.071,0.214,0,14
1.373580353,103.7156668,0.222,0.111,0.222,0.333,0.111,0,9
1.373580353,103.7296668,0.289,0.267,0.2,0.089,0.022,0.133,45
1.373580353,103.7436668,0.367,0.204,0.163,0.163,0,0.102,49
1.373580353,103.7576668,0.381,0.119,0.143,0.238,0.024,0.095,42
1.373580353,103.7716668,0.2,0.292,0.277,0.185,0.031,0.015,65
1.373580353,103.7856668,0.123,0.07,0.386,0.105,0.263,0.053,57
1.373580353,103.7996668,0.429,0,0.429,0.143,0,0,7
1.373580353,103.8136668,0.181,0.06,0.47,0.205,0.072,0.012,83
1.373580353,103.8276668,0.203,0.139,0.342,0.241,0.063,0.013,79
1.373580353,103.8416668,0.087,0.098,0.511,0.25,0.033,0.022,92
1.373580353,103.8556668,0.169,0.077,0.385,0.308,0.046,0.015,65
1.373580353,103.8696668,0.129,0.229,0.486,0.114,0.029,0.014,70
1.373580353,103.8836668,0.25,0.023,0.591,0.068,0.045,0.023,44
1.373580353,103.8976668,0.217,0.261,0.348,0.109,0.065,0,46
1.373580353,103.9116669,0.25,0.125,0.25,0.375,0,0,8
1.373580353,103.9256669,0.157,0.108,0.422,0.181,0.048,0.084,83
1.373580353,103.9396669,0.1,0,0.633,0.2,0.033,0.033,60
1.373580353,103.9536669,0.164,0.068,0.548,0.082,0.123,0.014,73
1.373580353,103.9676669,0.118,0.078,0.392,0.314,0.059,0.039,51
1.373580353,103.9816669,0,0.425,0.125,0.1,0.35,0,40
1.373580353,103.9956669,0.089,0.573,0.161,0.032,0.145,0,124
1.373580353,104.0096669,0.019,0.056,0.652,0.186,0.062,0.025,161
1.373580353,104.0376669,0,1,0,0,0,0,1
1.373580353,104.0656669,1,0,0,0,0,0,1
1.373580353,104.0796669,0.667,0.333,0,0,0,0,3
1.377621807,103.6806667,0,0,1,0,0,0,2
1.377621807,103.6946668,0.421,0.105,0.263,0.105,0.053,0.053,19
1.377621807,103.7086668,0,0,0.4,0,0.6,0,5
1.377621807,103.7226668,0.261,0.217,0.196,0.13,0.065,0.13,46
1.377621807,103.7366668,0.234,0.255,0.277,0.149,0,0.085,47
1.377621807,103.7506668,0.333,0.143,0.143,0.167,0.119,0.095,42
1.377621807,103.7646668,0.439,0.228,0.158,0.088,0.07,0.018,57
1.377621807,103.7786668,0.141,0.172,0.344,0.25,0.047,0.047,64
1.377621807,103.7926668,0.167,0,0.333,0,0.5,0,6
1.377621807,103.8066668,0.212,0.03,0.485,0.197,0.076,0,66
1.377621807,103.8206668,0.103,0.069,0.414,0.241,0.103,0.069,58
1.377621807,103.8346668,0.065,0.097,0.435,0.323,0.032,0.048,62
1.377621807,103.8486668,0.15,0.217,0.483,0.1,0.05,0,60
1.377621807,103.8626668,0.129,0.145,0.355,0.29,0,0.081,62
1.377621807,103.8766668,0.286,0.086,0.457,0.086,0.057,0.029,35
1.377621807,103.8906668,0.282,0.051,0.474,0.154,0.038,0,78
1.377621807,103.9046669,0.186,0.119,0.356,0.237,0.085,0.017,59
1.377621807,103.9186669,0.062,0.312,0.312,0.188,0.125,0,16
1.377621807,103.9326669,0.158,0.053,0.526,0.193,0.053,0.018,57
1.377621807,103.9466669,0.2,0.05,0.56,0.08,0.1,0.01,100
1.377621807,103.9606669,0.27,0.19,0.381,0.095,0.063,0,63
1.377621807,103.9746669,0.143,0.048,0.381,0.19,0.143,0.095,21
1.377621807,103.9886669,0.117,0.35,0.2,0.117,0.2,0.017,60
1.377621807,104.0026669,0.006,0.064,0.66,0.186,0.064,0.019,156
1.377621807,104.0586669,1,0,0,0,0,0,1
1.377621807,104.0726669,1,0,0,0,0,0,1
1.38166326,103.6876668,0.143,0.143,0.429,0.143,0,0.143,7
1.38166326,103.7016668,0.25,0.125,0.312,0,0.312,0,16
1.38166326,103.7156668,0.067,0.133,0.467,0.067,0.133,0.133,15
1.38166326,103.7296668,0.224,0.184,0.224,0.143,0.061,0.163,49
1.38166326,103.7436668,0.241,0.241,0.241,0.19,0.052,0.034,58
1.38166326,103.7576668,0.463,0.122,0.098,0.122,0.195,0,41
1.38166326,103.7716668,0.315,0.164,0.301,0.151,0.068,0,73
1.38166326,103.7856668,0.25,0,0.75,0,0,0,4
1.38166326,103.7996668,0.143,0,0.357,0,0.5,0,14
1.38166326,103.8136668,0.096,0.038,0.5,0.25,0.096,0.019,52
1.38166326,103.8276668,0.125,0.025,0.425,0.25,0.1,0.075,40
1.38166326,103.8416668,0.131,0.279,0.393,0.066,0.066,0.066,61
1.38166326,103.8556668,0.091,0.303,0.379,0.136,0.061,0.03,66
1.38166326,103.8696668,0.203,0.281,0.219,0.203,0,0.094,64
1.38166326,103.8836668,0.111,0.111,0.481,0.278,0.019,0,54
1.38166326,103.8976668,0.23,0.131,0.41,0.197,0.033,0,61
1.38166326,103.9116669,0.333,0.244,0.178,0.111,0.022,0.111,45
1.38166326,103.9256669,0.283,0.113,0.434,0.075,0.094,0,53
1.38166326,103.9396669,0.145,0.137,0.634,0.061,0.023,0,131
1.38166326,103.9536669,0.146,0.062,0.604,0.062,0.115,0.01,96
1.38166326,103.9676669,0.256,0.269,0.269,0.141,0.013,0.051,78
1.38166326,103.9816669,0.308,0.077,0.154,0.154,0.269,0.038,26
1.38166326,103.9956669,0.233,0.4,0.133,0.1,0.067,0.067,60
1.38166326,104.0236669,0.5,0.5,0,0,0,0,2
1.385704714,103.6946668,0.222,0.278,0.222,0.111,0.111,0.056,18
1.385704714,103.7226668,0.171,0.114,0.286,0.143,0.114,0.171,35
1.385704714,103.7366668,0.1,0.3,0.367,0.133,0.033,0.067,30
1.385704714,103.7506668,0.234,0.213,0.277,0.213,0.043,0.021,47
1.385704714,103.7646668,0.5,0.121,0.207,0.086,0.086,0,58
1.385704714,103.7786668,0.073,0.073,0.312,0.427,0.115,0,96
1.385704714,103.7926668,0.053,0,0.474,0,0.474,0,19
1.385704714,103.8066668,0.111,0,0.444,0.222,0.222,0,9
1.385704714,103.8206668,0.064,0,0.426,0.234,0.191,0.085,47
1.385704714,103.8346668,0.111,0.093,0.537,0.167,0.019,0.074,54
1.385704714,103.8486668,0.108,0.446,0.277,0.077,0.092,0,65
1.385704714,103.8626668,0.073,0.273,0.4,0.2,0,0.055,55
1.385704714,103.8766668,0.167,0.271,0.312,0.229,0.021,0,48
1.385704714,103.8906668,0.179,0.119,0.403,0.254,0.015,0.03,67
1.385704714,103.9046669,0.106,0.106,0.365,0.306,0.024,0.094,85
1.385704714,103.9186669,0.215,0.2,0.231,0.092,0.092,0.169,65
1.385704714,103.9326669,0.339,0.065,0.5,0.065,0.016,0.016,62
1.385704714,103.9466669,0.158,0.125,0.608,0.075,0.025,0.008,120
1.385704714,103.9606669,0.255,0.357,0.286,0.082,0.02,0,98
1.385704714,103.9746669,0.134,0.116,0.509,0.17,0.054,0.018,112
1.385704714,103.9886669,0.291,0.364,0.218,0.036,0.091,0,110
1.385704714,104.0026669,0.411,0.33,0.125,0.089,0.018,0.027,112
1.389746168,103.6876668,0.333,0.333,0.222,0.111,0,0,9
1.389746168,103.7016668,0,0.5,0,0,0.5,0,4
1.389746168,103.7156668,0,0.167,0.667,0.167,0,0,6
1.389746168,103.7296668,0.294,0.059,0.176,0.235,0.118,0.118,17
1.389746168,103.7436668,0.113,0.227,0.278,0.381,0,0,97
1.389746168,103.7576668,0.286,0.286,0.204,0.143,0.061,0.02,49
1.389746168,103.7716668,0.161,0.08,0.322,0.287,0.138,0.011,87
1.389746168,103.7856668,0,0,0.75,0.25,0,0,4
1.389746168,103.7996668,0.192,0.077,0.385,0,0.346,0,26
1.389746168,103.8136668,0.143,0.029,0.229,0.4,0.2,0,35
1.389746168,103.8276668,0.222,0.056,0.5,0.111,0.111,0,18
1.389746168,103.8416668,0.197,0.056,0.465,0.225,0,0.056,71
1.389746168,103.8556668,0.119,0.194,0.433,0.179,0.06,0.015,67
1.389746168,103.8696668,0.192,0.25,0.269,0.25,0,0.038,52
1.389746168,103.8836668,0.02,0.03,0.444,0.273,0.232,0,99
1.389746168,103.8976668,0.139,0.056,0.602,0.139,0.037,0.028,108
1.389746168,103.9116669,0.023,0.058,0.767,0.105,0.035,0.012,86
1.389746168,103.9256669,0.259,0.2,0.365,0.094,0.059,0.024,85
1.389746168,103.9396669,0.198,0.135,0.619,0.032,0.016,0,126
1.389746168,103.9816669,0.347,0.295,0.242,0.084,0.021,0.011,95
1.389746168,103.9956669,0.364,0.323,0.182,0.04,0.091,0,99
1.389746168,104.0236669,0,1,0,0,0,0,1
1.393787622,103.6806667,1,0,0,0,0,0,1
1.393787622,103.6946668,0.3,0.3,0.2,0.1,0.1,0,10
1.393787622,103.7226668,0.25,0,0,0.25,0.5,0,4
1.393787622,103.7366668,0.095,0.221,0.253,0.421,0,0.011,95
1.393787622,103.7506668,0.14,0.19,0.26,0.39,0,0.02,100
1.393787622,103.7646668,0.227,0.182,0.386,0.068,0.114,0.023,44
1.393787622,103.7786668,0.061,0,0.327,0.49,0.102,0.02,49
1.393787622,103.7926668,0.138,0.31,0.264,0.08,0.207,0,87
1.393787622,103.8066668,0.244,0.105,0.267,0.221,0.163,0,86
1.393787622,103.8206668,0.049,0.073,0.39,0.366,0.122,0,41
1.393787622,103.8346668,0.08,0.067,0.52,0.32,0.013,0,75
1.393787622,103.8486668,0.189,0.122,0.486,0.135,0.041,0.027,74
1.393787622,103.8626668,0.056,0.333,0.389,0.111,0.056,0.056,18
1.393787622,103.8766668,0.235,0.088,0.324,0.118,0.191,0.044,68
1.393787622,103.8906668,0.022,0.007,0.584,0.226,0.161,0,137
1.393787622,103.9046669,0.061,0.035,0.722,0.139,0.035,0.009,115
1.393787622,103.9186669,0.138,0.154,0.431,0.154,0.062,0.062,65
1.393787622,103.9326669,0.228,0.185,0.413,0.011,0.163,0,92
1.393787622,103.9466669,0.281,0.312,0.312,0.094,0,0,32
1.393787622,103.9746669,0.029,0.151,0.504,0.273,0.036,0.007,139
1.393787622,103.9886669,0.411,0.346,0.15,0.056,0.028,0.009,107
1.393787622,104.0166669,0.5,0.5,0,0,0,0,4
1.393787622,104.0726669,1,0,0,0,0,0,1
1.397829075,103.6876668,0.5,0.167,0.333,0,0,0,6
1.397829075,103.7016668,0,0,1,0,0,0,1
1.397829075,103.7296668,0,0,0.5,0.25,0.25,0,4
1.397829075,103.7436668,0.14,0.21,0.24,0.38,0.01,0.02,100
1.397829075,103.7576668,0.161,0.065,0.29,0.323,0.097,0.065,31
1.397829075,103.7716668,0.106,0.021,0.277,0.426,0.149,0.021,47
1.397829075,103.7856668,0.167,0.333,0.233,0.15,0.1,0.017,60
1.397829075,103.7996668,0.194,0.149,0.358,0.134,0.134,0.03,67
1.397829075,103.8136668,0.161,0.115,0.333,0.264,0.126,0,87
1.397829075,103.8276668,0.143,0.071,0.5,0.143,0.143,0,28
1.397829075,103.8416668,0.105,0.105,0.368,0.316,0,0.105,19
1.397829075,103.8556668,0.047,0.14,0.558,0.116,0.093,0.047,43
1.397829075,103.8696668,0.179,0.115,0.308,0.141,0.205,0.051,78
1.397829075,103.8836668,0.06,0.017,0.388,0.25,0.284,0,116
1.397829075,103.8976668,0.111,0.071,0.646,0.111,0.03,0.03,99
1.397829075,103.9116669,0.102,0.019,0.704,0.13,0.019,0.028,108
1.397829075,103.9256669,0.2,0.235,0.353,0.082,0.094,0.035,85
1.397829075,103.9396669,0.294,0.235,0.294,0.118,0.059,0,17
1.397829075,103.9536669,0.306,0.278,0.25,0.083,0.056,0.028,36
1.397829075,103.9676669,0.386,0.286,0.214,0.057,0.043,0.014,70
1.397829075,104.0796669,0.5,0,0,0.5,0,0,2
1.401870529,103.6946668,0,0,1,0,0,0,1
1.401870529,103.7086668,0,0,1,0,0,0,1
1.401870529,103.7226668,0,0,0,1,0,0,1
1.401870529,103.7366668,0,0.061,0.424,0.424,0.03,0.061,33
1.401870529,103.7506668,0.125,0.062,0.325,0.35,0.025,0.112,80
1.401870529,103.7786668,0.2,0.114,0.314,0.143,0.143,0.086,35
1.401870529,103.7926668,0.115,0.197,0.377,0.131,0.18,0,61
1.401870529,103.8066668,0.247,0.123,0.315,0.205,0.11,0,73
1.401870529,103.8206668,0.085,0.119,0.39,0.288,0.102,0.017,59
1.401870529,103.8346668,0.367,0.204,0.224,0.184,0,0.02,49
1.401870529,103.8486668,0.2,0.2,0.4,0,0,0.2,5
1.401870529,103.8626668,0.2,0.378,0.2,0.111,0.111,0,45
1.401870529,103.8766668,0.171,0.122,0.305,0.122,0.22,0.061,82
1.401870529,103.8906668,0.022,0.015,0.591,0.212,0.161,0,137
1.401870529,103.9046669,0.261,0.109,0.37,0.152,0.076,0.033,92
1.401870529,103.9186669,0.139,0.101,0.392,0.19,0.089,0.089,79
1.401870529,103.9326669,0.17,0.189,0.406,0.047,0.189,0,106
1.401870529,103.9466669,0.13,0.087,0.087,0.609,0.058,0.029,69
1.401870529,103.9606669,0.24,0.115,0.573,0.031,0.031,0.01,96
1.401870529,103.9746669,0.359,0.281,0.172,0.125,0.062,0,64
1.401870529,103.9886669,0.422,0.127,0.225,0.137,0.088,0,102
1.401870529,104.0026669,0,1,0,0,0,0,1
1.401870529,104.0166669,0.5,0.5,0,0,0,0,2
1.401870529,104.0306669,0.25,0.25,0.062,0.375,0.062,0,32
1.401870529,104.0586669,0,0,0.5,0.5,0,0,2
1.401870529,104.0726669,0.5,0,0,0.5,0,0,2
1.401870529,104.0866669,0,0,0,1,0,0,1
1.405911983,103.6596667,0,1,0,0,0,0,1
1.405911983,103.7016668,0,0,1,0,0,0,1
1.405911983,103.7296668,0,0.333,0,0,0.667,0,3
1.405911983,103.7436668,0.087,0.087,0.435,0.283,0.065,0.043,46
1.405911983,103.7576668,0.182,0.136,0.455,0.136,0.091,0,22
1.405911983,103.7716668,0.2,0.04,0.4,0.2,0.12,0.04,25
1.405911983,103.7856668,0.117,0.283,0.367,0.133,0.1,0,60
1.405911983,103.7996668,0.102,0.305,0.373,0.085,0.119,0.017,59
1.405911983,103.8136668,0.13,0.348,0.326,0.13,0.043,0.022,46
1.405911983,103.8276668,0.333,0.244,0.218,0.179,0.026,0,78
1.405911983,103.8416668,0.066,0.098,0.623,0.066,0.131,0.016,61
1.405911983,103.8556668,0.143,0.19,0.524,0.095,0,0.048,21
1.405911983,103.8696668,0.175,0.351,0.263,0.158,0.035,0.018,57
1.405911983,103.8836668,0.176,0.235,0.392,0.078,0.098,0.02,51
1.405911983,103.8976668,0.324,0.162,0.368,0.059,0.059,0.029,68
1.405911983,103.9116669,0.19,0.089,0.481,0.165,0.025,0.051,79
1.405911983,103.9256669,0.085,0.22,0.402,0.061,0.22,0.012,82
1.405911983,103.9536669,0.106,0.212,0.591,0,0.091,0,66
1.405911983,103.9676669,0.339,0.274,0.21,0.113,0.065,0,62
1.405911983,103.9816669,0.239,0.045,0.403,0.194,0.104,0.015,67
1.405911983,103.9956669,0.458,0.156,0.25,0.062,0.073,0,96
1.405911983,104.0236669,0.235,0.265,0.059,0.382,0.059,0,34
1.405911983,104.0376669,0.211,0.158,0.053,0.474,0.105,0,19
1.405911983,104.0516669,0,0,0.5,0.5,0,0,2
1.405911983,104.0796669,0,0,0,1,0,0,1
1.409953437,103.6666667,0,1,0,0,0,0,1
1.409953437,103.7086668,0,0,0,0,1,0,1
1.409953437,103.7226668,0.375,0,0.25,0,0.375,0,8
1.409953437,103.7366668,0.333,0.333,0,0,0.333,0,3
1.409953437,103.7506668,0.205,0.154,0.41,0.154,0.077,0,39
1.409953437,103.7646668,0.125,0.125,0.25,0.375,0.125,0,8
1.409953437,103.7786668,0.231,0.077,0.308,0.173,0.096,0.115,52
1.409953437,103.7926668,0.089,0.196,0.411,0.125,0.179,0,56
1.409953437,103.8066668,0.206,0.412,0.176,0.118,0.088,0,34
1.409953437,103.8206668,0.269,0.115,0.385,0.154,0.038,0.038,26
1.409953437,103.8346668,0.29,0.232,0.188,0.188,0.058,0.043,69
1.409953437,103.8486668,0.053,0.08,0.693,0.067,0.107,0,75
1.409953437,103.8626668,0.143,0.196,0.393,0.196,0.036,0.036,56
1.409953437,103.8766668,0.105,0.211,0.509,0.158,0.018,0,57
1.409953437,103.8906668,0.216,0.216,0.157,0.157,0.235,0.02,51
1.409953437,103.9046669,0.333,0.188,0.29,0.087,0.072,0.029,69
1.409953437,103.9186669,0.156,0.156,0.389,0.1,0.189,0.011,90
1.409953437,103.9466669,0.074,0.132,0.662,0.044,0.088,0,68
1.409953437,103.9606669,0.045,0.242,0.606,0,0.106,0,66
1.409953437,103.9746669,0.145,0.072,0.522,0.203,0.058,0,69
1.409953437,103.9886669,0.417,0.155,0.233,0.087,0.097,0.01,103
1.409953437,104.0026669,0.143,0.714,0.143,0,0,0,7
1.409953437,104.0166669,0,0.667,0,0.333,0,0,3
1.409953437,104.0306669,0.25,0.25,0.062,0.375,0.062,0,32
1.409953437,104.0586669,0,0,0.5,0.5,0,0,2
1.41399489,103.7016668,0.056,0.056,0.667,0.056,0.167,0,18
1.41399489,103.7156668,0.148,0.18,0.377,0.082,0.18,0.033,61
1.41399489,103.7296668,0.158,0.079,0.605,0,0.158,0,38
1.41399489,103.7436668,0.3,0.2,0.2,0.1,0.2,0,10
1.41399489,103.7576668,0.358,0.132,0.415,0.075,0.019,0,53
1.41399489,103.7716668,0.455,0.045,0.273,0.136,0.045,0.045,22
1.41399489,103.7856668,0.15,0.138,0.388,0.125,0.112,0.088,80
1.41399489,103.7996668,0.176,0.176,0.353,0.118,0.176,0,17
1.41399489,103.8136668,0.1,0.2,0.4,0.3,0,0,10
1.41399489,103.8276668,0.266,0.253,0.266,0.177,0.025,0.013,79
1.41399489,103.8416668,0.122,0.108,0.351,0.284,0.108,0.027,74
1.41399489,103.8556668,0.217,0.13,0.435,0.174,0,0.043,23
1.41399489,103.8696668,0.093,0.278,0.463,0.148,0,0.019,54
1.41399489,103.8976668,0.338,0.235,0.221,0.103,0.074,0.029,68
1.41399489,103.9116669,0.329,0.229,0.3,0.086,0.029,0.029,70
1.41399489,103.9256669,0.125,0.225,0.4,0.175,0.062,0.012,80
1.41399489,103.9396669,0.022,0.391,0.348,0.109,0.109,0.022,46
1.41399489,103.9536669,0.077,0.185,0.615,0.015,0.108,0,65
1.41399489,103.9676669,0.245,0.264,0.189,0.151,0.151,0,53
1.41399489,103.9816669,0.226,0.145,0.274,0.194,0.145,0.016,62
1.41399489,103.9956669,0.438,0.208,0.25,0.052,0.052,0,96
1.41399489,104.0096669,1,0,0,0,0,0,1
1.41399489,104.0236669,0,0.667,0,0.333,0,0,3
1.41399489,104.0376669,0,0,0,1,0,0,1
1.41399489,104.0516669,0,0,0.5,0.5,0,0,2
1.418036344,103.6946668,0,0,0.5,0,0.5,0,2
1.418036344,103.7086668,0.167,0.148,0.389,0.111,0.167,0.019,54
1.418036344,103.7226668,0.152,0.087,0.554,0.043,0.141,0.022,92
1.418036344,103.7366668,0.24,0.12,0.52,0,0.12,0,25
1.418036344,103.7506668,0.32,0.14,0.44,0.06,0.04,0,50
1.418036344,103.7646668,0.222,0.222,0.259,0.185,0.093,0.019,54
1.418036344,103.7786668,0.333,0.033,0.2,0.2,0,0.233,30
1.418036344,103.7926668,0.124,0.175,0.423,0.093,0.175,0.01,97
1.418036344,103.8066668,0.125,0.188,0.25,0.25,0.188,0,16
1.418036344,103.8206668,0.26,0.14,0.38,0.14,0.08,0,50
1.418036344,103.8346668,0.244,0.256,0.244,0.205,0.026,0.026,78
1.418036344,103.8486668,0.098,0.082,0.656,0.148,0.016,0,61
1.418036344,103.8626668,0.324,0.324,0.23,0.108,0,0.014,74
1.418036344,103.8766668,0.068,0.11,0.712,0.068,0.041,0,73
1.418036344,103.8906668,0.412,0.294,0.059,0.118,0.118,0,17
1.418036344,103.9046669,0.289,0.325,0.229,0.084,0.024,0.048,83
1.418036344,103.9186669,0.284,0.148,0.383,0.074,0.099,0.012,81
1.418036344,103.9326669,0.097,0.258,0.323,0.258,0.032,0.032,31
1.418036344,103.9606669,0.195,0.512,0.171,0.049,0.073,0,41
1.418036344,103.9746669,0.24,0.22,0.28,0.14,0.12,0,50
1.418036344,103.9886669,0.181,0.181,0.417,0.153,0.042,0.028,72
1.418036344,104.0166669,0,0.667,0,0.333,0,0,3
1.418036344,104.0446669,0,0,0,1,0,0,1
1.422077798,103.7016668,0.206,0.118,0.412,0.147,0.118,0,34
1.422077798,103.7156668,0.167,0.182,0.364,0.076,0.182,0.03,66
1.422077798,103.7296668,0.139,0.028,0.722,0,0.111,0,72
1.422077798,103.7436668,0.375,0.125,0.125,0.125,0.25,0,8
1.422077798,103.7576668,0.222,0.2,0.289,0.222,0.044,0.022,45
1.422077798,103.7716668,0.213,0.164,0.213,0.246,0.148,0.016,61
1.422077798,103.7856668,0.065,0.187,0.271,0.421,0.056,0,107
1.422077798,103.7996668,0.042,0.167,0.625,0.042,0.125,0,24
1.422077798,103.8136668,0,0,0,1,0,0,2
1.422077798,103.8276668,0.161,0.179,0.482,0.179,0,0,56
1.422077798,103.8416668,0.208,0.151,0.302,0.283,0.019,0.038,53
1.422077798,103.8556668,0.299,0.325,0.234,0.117,0.026,0,77
1.422077798,103.8696668,0.228,0.203,0.43,0.076,0.063,0,79
1.422077798,103.8836668,0.063,0.056,0.706,0.035,0.14,0,143
1.422077798,103.8976668,0.15,0.183,0.25,0.1,0.317,0,60
1.422077798,103.9116669,0.24,0.312,0.302,0.104,0.021,0.021,96
1.422077798,103.9256669,0.237,0.447,0.105,0.184,0,0.026,38
1.422077798,103.9396669,0.188,0.125,0.188,0.188,0.25,0.062,16
1.422077798,103.9536669,0.154,0.462,0.077,0.154,0.154,0,13
1.422077798,103.9676669,0.28,0.44,0.16,0.08,0.04,0,25
1.422077798,103.9816669,0.263,0.316,0.316,0.105,0,0,19
1.422077798,103.9956669,0.333,0.667,0,0,0,0,3
1.422077798,104.0096669,0,1,0,0,0,0,1
1.422077798,104.0236669,0,1,0,0,0,0,1
1.422077798,104.0376669,0,0,0,1,0,0,1
1.426119252,103.6806667,0,0,1,0,0,0,1
1.426119252,103.6946668,0,0,1,0,0,0,1
1.426119252,103.7086668,0.185,0.077,0.538,0.138,0.062,0,65
1.426119252,103.7226668,0.143,0.129,0.571,0.057,0.086,0.014,70
1.426119252,103.7366668,0.167,0.167,0.5,0,0.167,0,6
1.426119252,103.7506668,0.158,0.211,0.368,0.053,0.158,0.053,19
1.426119252,103.7646668,0.174,0.217,0.196,0.196,0.196,0.022,46
1.426119252,103.7786668,0.169,0.133,0.289,0.277,0.12,0.012,83
1.426119252,103.7926668,0.053,0.158,0.421,0.263,0.053,0.053,19
1.426119252,103.8066668,0,0.167,0.5,0.333,0,0,6
1.426119252,103.8206668,0.043,0.043,0.739,0.13,0,0.043,23
1.426119252,103.8346668,0.153,0.082,0.376,0.329,0.047,0.012,85
1.426119252,103.8486668,0.147,0.074,0.353,0.412,0.015,0,68
1.426119252,103.8626668,0.346,0.308,0.256,0.077,0.013,0,78
1.426119252,103.8766668,0.055,0.055,0.703,0.041,0.145,0,145
1.426119252,103.8906668,0.125,0,0.625,0,0.25,0,24
1.426119252,103.9326669,0.258,0.419,0.065,0.226,0.032,0,31
1.426119252,103.9466669,0.286,0.143,0.286,0,0.286,0,7
1.426119252,104.0166669,0,1,0,0,0,0,1
1.426119252,104.0306669,0,1,0,0,0,0,1
1.430160706,103.6876668,0,0,1,0,0,0,1
1.430160706,103.7016668,0.347,0.041,0.286,0.265,0.061,0,49
1.430160706,103.7156668,0.195,0.073,0.585,0.098,0.049,0,41
1.430160706,103.7296668,0.098,0.024,0.78,0,0.098,0,41
1.430160706,103.7436668,0.1,0.2,0.2,0.2,0.2,0.1,10
1.430160706,103.7576668,0.129,0.097,0.355,0.097,0.258,0.065,31
1.430160706,103.7716668,0.167,0.167,0.359,0.154,0.141,0.013,78
1.430160706,103.7856668,0.128,0.282,0.308,0.231,0.026,0.026,39
1.430160706,103.7996668,0.309,0.182,0.327,0.073,0.091,0.018,55
1.430160706,103.8136668,0,0,0,0.5,0.5,0,2
1.430160706,103.8276668,0.154,0.077,0.415,0.277,0.062,0.015,65
1.430160706,103.8416668,0.189,0.074,0.453,0.232,0.042,0.011,95
1.430160706,103.8556668,0.159,0.136,0.341,0.273,0.068,0.023,44
1.430160706,103.8696668,0.154,0.231,0.308,0.154,0.154,0,13
1.430160706,103.8836668,0.064,0.064,0.696,0.04,0.136,0,125
1.430160706,103.9396669,0.4,0.2,0,0,0.4,0,5
1.430160706,104.0096669,0,1,0,0,0,0,1
1.430160706,104.0376669,0,1,0,0,0,0,1
1.434202159,103.6806667,0,0,1,0,0,0,1
1.434202159,103.6946668,0.346,0.038,0.308,0.25,0.058,0,52
1.434202159,103.7086668,0.304,0.043,0.406,0.188,0.058,0,69
1.434202159,103.7226668,0.1,0.1,0.6,0.1,0.1,0,10
1.434202159,103.7366668,0.258,0.355,0.242,0.016,0.113,0.016,62
1.434202159,103.7506668,0.261,0.217,0.261,0.217,0,0.043,23
1.434202159,103.7646668,0.164,0.096,0.479,0.178,0.068,0.014,73
1.434202159,103.7786668,0.167,0.167,0.5,0.148,0.019,0,54
1.434202159,103.7926668,0.222,0.267,0.267,0.2,0.022,0.022,45
1.434202159,103.8066668,0.178,0.205,0.329,0.219,0.055,0.014,73
1.434202159,103.8206668,0.083,0.05,0.483,0.283,0.033,0.067,60
1.434202159,103.8346668,0.212,0.094,0.424,0.224,0.035,0.012,85
1.434202159,103.8486668,0.22,0.037,0.415,0.232,0.061,0.037,82
1.434202159,103.8766668,0,0.143,0.429,0.143,0.286,0,7
1.434202159,104.0166669,1,0,0,0,0,0,1
1.434202159,104.0306669,0,1,0,0,0,0,1
1.438243613,103.6876668,0,0,1,0,0,0,1
1.438243613,103.7016668,0.339,0.054,0.304,0.232,0.071,0,56
1.438243613,103.7156668,0.5,0,0.167,0.167,0.167,0,6
1.438243613,103.7296668,0.104,0.208,0.5,0.075,0.113,0,106
1.438243613,103.7436668,0.26,0.3,0.36,0.02,0.02,0.04,50
1.438243613,103.7576668,0.096,0.058,0.519,0.231,0.077,0.019,52
1.438243613,103.7716668,0.181,0.12,0.361,0.217,0.108,0.012,83
1.438243613,103.7856668,0.219,0.188,0.359,0.156,0.031,0.047,64
1.438243613,103.7996668,0.23,0.162,0.378,0.095,0.108,0.027,74
1.438243613,103.8136668,0.128,0.192,0.256,0.333,0.064,0.026,78
1.438243613,103.8416668,0.273,0.078,0.429,0.195,0.013,0.013,77
1.438243613,103.8556668,0.5,0,0.5,0,0,0,2
1.438243613,103.8696668,0,1,0,0,0,0,3
1.438243613,104.0236669,1,0,0,0,0,0,1
1.438243613,104.0376669,0,0.5,0.5,0,0,0,2
1.442285067,103.7086668,0.339,0.065,0.306,0.21,0.065,0.016,62
1.442285067,103.7226668,0.071,0.08,0.54,0.15,0.159,0,113
1.442285067,103.7366668,0.19,0.238,0.333,0.095,0.143,0,84
1.442285067,103.7506668,0.28,0.12,0.4,0.2,0,0,25
1.442285067,103.7646668,0.214,0.171,0.371,0.2,0.029,0.014,70
1.442285067,103.7786668,0.205,0.091,0.432,0.273,0,0,44
1.442285067,103.7926668,0.159,0.125,0.386,0.125,0.193,0.011,88
1.442285067,103.8066668,0.149,0.209,0.373,0.209,0.045,0.015,67
1.442285067,103.8206668,0.276,0.092,0.329,0.171,0.092,0.039,76
1.442285067,103.8346668,0.229,0.086,0.457,0.171,0.014,0.043,70
1.442285067,103.8486668,0.286,0.041,0.388,0.184,0,0.102,49
1.442285067,103.8626668,0,1,0,0,0,0,3
1.442285067,104.0306669,0,0,1,0,0,0,1
1.446326521,103.7016668,0.323,0.065,0.323,0.226,0.065,0,62
1.446326521,103.7156668,0.182,0.078,0.455,0.195,0.078,0.013,77
1.446326521,103.7296668,0.14,0.116,0.488,0.093,0.163,0,86
1.446326521,103.7436668,0.2,0.225,0.575,0,0,0,40
1.446326521,103.7576668,0.105,0.053,0.605,0.211,0.026,0,38
1.446326521,103.7716668,0.118,0.137,0.294,0.333,0.059,0.059,51
1.446326521,103.7856668,0.058,0.058,0.577,0.038,0.269,0,52
1.446326521,103.7996668,0.196,0.118,0.373,0.137,0.118,0.059,51
1.446326521,103.8136668,0.192,0.192,0.346,0.173,0.038,0.058,52
1.446326521,103.8276668,0.237,0.102,0.356,0.186,0.102,0.017,59
1.446326521,103.8416668,0.26,0.04,0.42,0.18,0,0.1,50
1.446326521,103.8556668,0,0,0,0,1,0,2
1.446326521,103.8696668,0,1,0,0,0,0,3
1.450367974,103.7086668,0.322,0.051,0.322,0.237,0.051,0.017,59
1.450367974,103.7226668,0.094,0.094,0.509,0.132,0.17,0,106
1.450367974,103.7786668,0.14,0.186,0.279,0.279,0.07,0.047,43
1.450367974,103.7926668,0.109,0.164,0.382,0.145,0.164,0.036,55
1.450367974,103.8066668,0.151,0.34,0.302,0.132,0.075,0,53
1.450367974,103.8206668,0.34,0.1,0.28,0.2,0.04,0.04,50
1.450367974,103.8346668,0.125,0.062,0.562,0.188,0,0.062,16
1.450367974,103.8486668,0,0,0.333,0,0.667,0,3
1.454409428,103.7156668,0.111,0,0.667,0.111,0.111,0,9
1.454409428,103.7296668,0.175,0.275,0.388,0.075,0.062,0.025,80
1.454409428,103.7716668,0.233,0.279,0.116,0.233,0.093,0.047,43
1.454409428,103.7856668,0.062,0.108,0.369,0.031,0.431,0,65
1.454409428,103.7996668,0.241,0.31,0.103,0.241,0.069,0.034,29
1.454409428,103.8136668,0.317,0.39,0.122,0.098,0.049,0.024,41
1.454409428,103.8276668,0.182,0.045,0.364,0.273,0.091,0.045,22
1.454409428,103.8416668,0.42,0.12,0.26,0.18,0,0.02,50
1.454409428,103.8556668,0,0,0,0,1,0,2
1.458450882,103.7926668,0.143,0.429,0.286,0.143,0,0,7
1.458450882,103.8066668,0.24,0.36,0.08,0.2,0.12,0,25
1.458450882,103.8206668,0.429,0.086,0.229,0.143,0.029,0.086,35
1.458450882,103.8346668,0.316,0.123,0.333,0.053,0.123,0.053,57
1.458450882,103.8486668,0.375,0.125,0.25,0.25,0,0,16
1.462492336,103.7856668,0.286,0,0.286,0.286,0,0.143,7
1.462492336,103.7996668,0.375,0,0.125,0.5,0,0,8
1.462492336,103.8136668,0.146,0.293,0.244,0.073,0.195,0.049,41
1.462492336,103.8276668,0.296,0.148,0.296,0.037,0.222,0,27
1.462492336,103.8416668,0.317,0.133,0.283,0.117,0.117,0.033,60
1.466533789,103.7926668,1,0,0,0,0,0,1
1.466533789,103.8066668,0.114,0.286,0.171,0.143,0.229,0.057,35
1.466533789,103.8206668,0.286,0.429,0.071,0.071,0,0.143,14
1.466533789,103.8346668,0.327,0.127,0.327,0.055,0.127,0.036,55
1.470575243,103.7996668,1,0,0,0,0,0,1
1.470575243,103.8136668,0.065,0.419,0.161,0.032,0.258,0.065,31
1.470575243,103.8276668,0.429,0.429,0.143,0,0,0,7
